name,threshold,pairs,mean_labels,precision,recall,f1,macro_supported,sample_f1,any_f1,any_precision,any_recall,false_relevant,missed_all
union:baseline_balanced@0.35+thinking_recall@0.35+grouped_event@0.35,,295,0.9833333333333333,0.5491525423728814,0.5276872964169381,0.5382059800664452,0.36326220472656173,0.376547619047619,0.829736211031175,0.9105263157894737,0.762114537444934,17,54
union:baseline_balanced@0.35+thinking_recall@0.35+grouped_event@0.6,,295,0.9833333333333333,0.5491525423728814,0.5276872964169381,0.5382059800664452,0.36326220472656173,0.376547619047619,0.829736211031175,0.9105263157894737,0.762114537444934,17,54
union:baseline_balanced@0.35+thinking_recall@0.6+grouped_event@0.35,,295,0.9833333333333333,0.5491525423728814,0.5276872964169381,0.5382059800664452,0.36326220472656173,0.376547619047619,0.829736211031175,0.9105263157894737,0.762114537444934,17,54
union:baseline_balanced@0.35+thinking_recall@0.6+grouped_event@0.6,,295,0.9833333333333333,0.5491525423728814,0.5276872964169381,0.5382059800664452,0.36326220472656173,0.376547619047619,0.829736211031175,0.9105263157894737,0.762114537444934,17,54
union:baseline_balanced@0.6+thinking_recall@0.35+grouped_event@0.35,,295,0.9833333333333333,0.5491525423728814,0.5276872964169381,0.5382059800664452,0.36326220472656173,0.376547619047619,0.829736211031175,0.9105263157894737,0.762114537444934,17,54
union:baseline_balanced@0.6+thinking_recall@0.35+grouped_event@0.6,,295,0.9833333333333333,0.5491525423728814,0.5276872964169381,0.5382059800664452,0.36326220472656173,0.376547619047619,0.829736211031175,0.9105263157894737,0.762114537444934,17,54
union:baseline_balanced@0.6+thinking_recall@0.6+grouped_event@0.35,,295,0.9833333333333333,0.5491525423728814,0.5276872964169381,0.5382059800664452,0.36326220472656173,0.376547619047619,0.829736211031175,0.9105263157894737,0.762114537444934,17,54
union:baseline_balanced@0.6+thinking_recall@0.6+grouped_event@0.6,,295,0.9833333333333333,0.5491525423728814,0.5276872964169381,0.5382059800664452,0.36326220472656173,0.376547619047619,0.829736211031175,0.9105263157894737,0.762114537444934,17,54
max:baseline_balanced+thinking_recall+grouped_event@0.35,0.35,295,0.9833333333333333,0.5491525423728814,0.5276872964169381,0.5382059800664452,0.36326220472656173,0.376547619047619,0.829736211031175,0.9105263157894737,0.762114537444934,17,54
max:baseline_balanced+thinking_recall+grouped_event@0.4,0.4,295,0.9833333333333333,0.5491525423728814,0.5276872964169381,0.5382059800664452,0.36326220472656173,0.376547619047619,0.829736211031175,0.9105263157894737,0.762114537444934,17,54
max:baseline_balanced+thinking_recall+grouped_event@0.45,0.45,295,0.9833333333333333,0.5491525423728814,0.5276872964169381,0.5382059800664452,0.36326220472656173,0.376547619047619,0.829736211031175,0.9105263157894737,0.762114537444934,17,54
max:baseline_balanced+thinking_recall+grouped_event@0.5,0.5,295,0.9833333333333333,0.5491525423728814,0.5276872964169381,0.5382059800664452,0.36326220472656173,0.376547619047619,0.829736211031175,0.9105263157894737,0.762114537444934,17,54
max:baseline_balanced+thinking_recall+grouped_event@0.55,0.55,295,0.9833333333333333,0.5491525423728814,0.5276872964169381,0.5382059800664452,0.36326220472656173,0.376547619047619,0.829736211031175,0.9105263157894737,0.762114537444934,17,54
max:baseline_balanced+thinking_recall+grouped_event@0.6,0.6,295,0.9833333333333333,0.5491525423728814,0.5276872964169381,0.5382059800664452,0.36326220472656173,0.376547619047619,0.829736211031175,0.9105263157894737,0.762114537444934,17,54
union:baseline_balanced@0.35+thinking_recall@0.35,,208,0.6933333333333334,0.6634615384615384,0.4495114006514658,0.5359223300970873,0.27589097903958676,0.36288888888888887,0.8089330024813896,0.9261363636363636,0.7180616740088106,13,64
union:baseline_balanced@0.35+thinking_recall@0.6,,208,0.6933333333333334,0.6634615384615384,0.4495114006514658,0.5359223300970873,0.27589097903958676,0.36288888888888887,0.8089330024813896,0.9261363636363636,0.7180616740088106,13,64
union:baseline_balanced@0.6+thinking_recall@0.35,,208,0.6933333333333334,0.6634615384615384,0.4495114006514658,0.5359223300970873,0.27589097903958676,0.36288888888888887,0.8089330024813896,0.9261363636363636,0.7180616740088106,13,64
union:baseline_balanced@0.6+thinking_recall@0.6,,208,0.6933333333333334,0.6634615384615384,0.4495114006514658,0.5359223300970873,0.27589097903958676,0.36288888888888887,0.8089330024813896,0.9261363636363636,0.7180616740088106,13,64
max:baseline_balanced+thinking_recall@0.35,0.35,208,0.6933333333333334,0.6634615384615384,0.4495114006514658,0.5359223300970873,0.27589097903958676,0.36288888888888887,0.8089330024813896,0.9261363636363636,0.7180616740088106,13,64
max:baseline_balanced+thinking_recall@0.4,0.4,208,0.6933333333333334,0.6634615384615384,0.4495114006514658,0.5359223300970873,0.27589097903958676,0.36288888888888887,0.8089330024813896,0.9261363636363636,0.7180616740088106,13,64
max:baseline_balanced+thinking_recall@0.45,0.45,208,0.6933333333333334,0.6634615384615384,0.4495114006514658,0.5359223300970873,0.27589097903958676,0.36288888888888887,0.8089330024813896,0.9261363636363636,0.7180616740088106,13,64
max:baseline_balanced+thinking_recall@0.5,0.5,208,0.6933333333333334,0.6634615384615384,0.4495114006514658,0.5359223300970873,0.27589097903958676,0.36288888888888887,0.8089330024813896,0.9261363636363636,0.7180616740088106,13,64
max:baseline_balanced+thinking_recall@0.55,0.55,208,0.6933333333333334,0.6634615384615384,0.4495114006514658,0.5359223300970873,0.27589097903958676,0.36288888888888887,0.8089330024813896,0.9261363636363636,0.7180616740088106,13,64
max:baseline_balanced+thinking_recall@0.6,0.6,208,0.6933333333333334,0.6634615384615384,0.4495114006514658,0.5359223300970873,0.27589097903958676,0.36288888888888887,0.8089330024813896,0.9261363636363636,0.7180616740088106,13,64
union:baseline_balanced@0.1+thinking_recall@0.35,,292,0.9733333333333334,0.5445205479452054,0.5179153094462541,0.5308848080133556,0.26412336867194985,0.4124444444444444,0.8831168831168831,0.8680851063829788,0.8986784140969163,31,23
union:baseline_balanced@0.1+thinking_recall@0.6,,292,0.9733333333333334,0.5445205479452054,0.5179153094462541,0.5308848080133556,0.26412336867194985,0.4124444444444444,0.8831168831168831,0.8680851063829788,0.8986784140969163,31,23
union:baseline_balanced@0.3+thinking_recall@0.35,,292,0.9733333333333334,0.5445205479452054,0.5179153094462541,0.5308848080133556,0.26412336867194985,0.4124444444444444,0.8831168831168831,0.8680851063829788,0.8986784140969163,31,23
union:baseline_balanced@0.3+thinking_recall@0.6,,292,0.9733333333333334,0.5445205479452054,0.5179153094462541,0.5308848080133556,0.26412336867194985,0.4124444444444444,0.8831168831168831,0.8680851063829788,0.8986784140969163,31,23
union:baseline_balanced@0.1+thinking_recall@0.35+grouped_event@0.35,,372,1.24,0.478494623655914,0.5798045602605864,0.524300441826215,0.3507804395866578,0.41154761904761905,0.8846153846153846,0.8589211618257261,0.9118942731277533,34,20
union:baseline_balanced@0.1+thinking_recall@0.35+grouped_event@0.6,,372,1.24,0.478494623655914,0.5798045602605864,0.524300441826215,0.3507804395866578,0.41154761904761905,0.8846153846153846,0.8589211618257261,0.9118942731277533,34,20
union:baseline_balanced@0.1+thinking_recall@0.6+grouped_event@0.35,,372,1.24,0.478494623655914,0.5798045602605864,0.524300441826215,0.3507804395866578,0.41154761904761905,0.8846153846153846,0.8589211618257261,0.9118942731277533,34,20
union:baseline_balanced@0.1+thinking_recall@0.6+grouped_event@0.6,,372,1.24,0.478494623655914,0.5798045602605864,0.524300441826215,0.3507804395866578,0.41154761904761905,0.8846153846153846,0.8589211618257261,0.9118942731277533,34,20
union:baseline_balanced@0.3+thinking_recall@0.35+grouped_event@0.35,,372,1.24,0.478494623655914,0.5798045602605864,0.524300441826215,0.3507804395866578,0.41154761904761905,0.8846153846153846,0.8589211618257261,0.9118942731277533,34,20
union:baseline_balanced@0.3+thinking_recall@0.35+grouped_event@0.6,,372,1.24,0.478494623655914,0.5798045602605864,0.524300441826215,0.3507804395866578,0.41154761904761905,0.8846153846153846,0.8589211618257261,0.9118942731277533,34,20
union:baseline_balanced@0.3+thinking_recall@0.6+grouped_event@0.35,,372,1.24,0.478494623655914,0.5798045602605864,0.524300441826215,0.3507804395866578,0.41154761904761905,0.8846153846153846,0.8589211618257261,0.9118942731277533,34,20
union:baseline_balanced@0.3+thinking_recall@0.6+grouped_event@0.6,,372,1.24,0.478494623655914,0.5798045602605864,0.524300441826215,0.3507804395866578,0.41154761904761905,0.8846153846153846,0.8589211618257261,0.9118942731277533,34,20
union:baseline_balanced@0.35+thinking_recall@0.1+grouped_event@0.35,,370,1.2333333333333334,0.4783783783783784,0.5765472312703583,0.5228951255539144,0.35442953494677354,0.4182142857142857,0.8801652892561983,0.8287937743190662,0.9383259911894273,44,14
union:baseline_balanced@0.35+thinking_recall@0.1+grouped_event@0.6,,370,1.2333333333333334,0.4783783783783784,0.5765472312703583,0.5228951255539144,0.35442953494677354,0.4182142857142857,0.8801652892561983,0.8287937743190662,0.9383259911894273,44,14
union:baseline_balanced@0.35+thinking_recall@0.3+grouped_event@0.35,,370,1.2333333333333334,0.4783783783783784,0.5765472312703583,0.5228951255539144,0.35442953494677354,0.4182142857142857,0.8801652892561983,0.8287937743190662,0.9383259911894273,44,14
union:baseline_balanced@0.35+thinking_recall@0.3+grouped_event@0.6,,370,1.2333333333333334,0.4783783783783784,0.5765472312703583,0.5228951255539144,0.35442953494677354,0.4182142857142857,0.8801652892561983,0.8287937743190662,0.9383259911894273,44,14
union:baseline_balanced@0.6+thinking_recall@0.1+grouped_event@0.35,,370,1.2333333333333334,0.4783783783783784,0.5765472312703583,0.5228951255539144,0.35442953494677354,0.4182142857142857,0.8801652892561983,0.8287937743190662,0.9383259911894273,44,14
union:baseline_balanced@0.6+thinking_recall@0.1+grouped_event@0.6,,370,1.2333333333333334,0.4783783783783784,0.5765472312703583,0.5228951255539144,0.35442953494677354,0.4182142857142857,0.8801652892561983,0.8287937743190662,0.9383259911894273,44,14
union:baseline_balanced@0.6+thinking_recall@0.3+grouped_event@0.35,,370,1.2333333333333334,0.4783783783783784,0.5765472312703583,0.5228951255539144,0.35442953494677354,0.4182142857142857,0.8801652892561983,0.8287937743190662,0.9383259911894273,44,14
union:baseline_balanced@0.6+thinking_recall@0.3+grouped_event@0.6,,370,1.2333333333333334,0.4783783783783784,0.5765472312703583,0.5228951255539144,0.35442953494677354,0.4182142857142857,0.8801652892561983,0.8287937743190662,0.9383259911894273,44,14
union:baseline_balanced@0.35+thinking_recall@0.1,,286,0.9533333333333334,0.541958041958042,0.504885993485342,0.5227655986509275,0.26300526990560014,0.4145555555555555,0.8744769874476988,0.8326693227091634,0.920704845814978,42,18
union:baseline_balanced@0.35+thinking_recall@0.3,,286,0.9533333333333334,0.541958041958042,0.504885993485342,0.5227655986509275,0.26300526990560014,0.4145555555555555,0.8744769874476988,0.8326693227091634,0.920704845814978,42,18
union:baseline_balanced@0.6+thinking_recall@0.1,,286,0.9533333333333334,0.541958041958042,0.504885993485342,0.5227655986509275,0.26300526990560014,0.4145555555555555,0.8744769874476988,0.8326693227091634,0.920704845814978,42,18
union:baseline_balanced@0.6+thinking_recall@0.3,,286,0.9533333333333334,0.541958041958042,0.504885993485342,0.5227655986509275,0.26300526990560014,0.4145555555555555,0.8744769874476988,0.8326693227091634,0.920704845814978,42,18
union:baseline_balanced@0.1+thinking_recall@0.1,,337,1.1233333333333333,0.49258160237388726,0.5407166123778502,0.515527950310559,0.25850310195584203,0.42577777777777776,0.8853118712273642,0.8148148148148148,0.9691629955947136,50,7
union:baseline_balanced@0.1+thinking_recall@0.3,,337,1.1233333333333333,0.49258160237388726,0.5407166123778502,0.515527950310559,0.25850310195584203,0.42577777777777776,0.8853118712273642,0.8148148148148148,0.9691629955947136,50,7
union:baseline_balanced@0.3+thinking_recall@0.1,,337,1.1233333333333333,0.49258160237388726,0.5407166123778502,0.515527950310559,0.25850310195584203,0.42577777777777776,0.8853118712273642,0.8148148148148148,0.9691629955947136,50,7
union:baseline_balanced@0.3+thinking_recall@0.3,,337,1.1233333333333333,0.49258160237388726,0.5407166123778502,0.515527950310559,0.25850310195584203,0.42577777777777776,0.8853118712273642,0.8148148148148148,0.9691629955947136,50,7
max:baseline_balanced+thinking_recall@0.05,0.05,337,1.1233333333333333,0.49258160237388726,0.5407166123778502,0.515527950310559,0.25850310195584203,0.42577777777777776,0.8853118712273642,0.8148148148148148,0.9691629955947136,50,7
max:baseline_balanced+thinking_recall@0.1,0.1,337,1.1233333333333333,0.49258160237388726,0.5407166123778502,0.515527950310559,0.25850310195584203,0.42577777777777776,0.8853118712273642,0.8148148148148148,0.9691629955947136,50,7
max:baseline_balanced+thinking_recall@0.15,0.15,337,1.1233333333333333,0.49258160237388726,0.5407166123778502,0.515527950310559,0.25850310195584203,0.42577777777777776,0.8853118712273642,0.8148148148148148,0.9691629955947136,50,7
max:baseline_balanced+thinking_recall@0.2,0.2,337,1.1233333333333333,0.49258160237388726,0.5407166123778502,0.515527950310559,0.25850310195584203,0.42577777777777776,0.8853118712273642,0.8148148148148148,0.9691629955947136,50,7
max:baseline_balanced+thinking_recall@0.25,0.25,337,1.1233333333333333,0.49258160237388726,0.5407166123778502,0.515527950310559,0.25850310195584203,0.42577777777777776,0.8853118712273642,0.8148148148148148,0.9691629955947136,50,7
max:baseline_balanced+thinking_recall@0.3,0.3,337,1.1233333333333333,0.49258160237388726,0.5407166123778502,0.515527950310559,0.25850310195584203,0.42577777777777776,0.8853118712273642,0.8148148148148148,0.9691629955947136,50,7
union:baseline_balanced@0.1+thinking_recall@0.1+grouped_event@0.35,,416,1.3866666666666667,0.44471153846153844,0.6026058631921825,0.5117565698478561,0.3469056831434111,0.4236587301587301,0.888,0.8131868131868132,0.9779735682819384,51,5
union:baseline_balanced@0.1+thinking_recall@0.1+grouped_event@0.6,,416,1.3866666666666667,0.44471153846153844,0.6026058631921825,0.5117565698478561,0.3469056831434111,0.4236587301587301,0.888,0.8131868131868132,0.9779735682819384,51,5
union:baseline_balanced@0.1+thinking_recall@0.3+grouped_event@0.35,,416,1.3866666666666667,0.44471153846153844,0.6026058631921825,0.5117565698478561,0.3469056831434111,0.4236587301587301,0.888,0.8131868131868132,0.9779735682819384,51,5
union:baseline_balanced@0.1+thinking_recall@0.3+grouped_event@0.6,,416,1.3866666666666667,0.44471153846153844,0.6026058631921825,0.5117565698478561,0.3469056831434111,0.4236587301587301,0.888,0.8131868131868132,0.9779735682819384,51,5
union:baseline_balanced@0.3+thinking_recall@0.1+grouped_event@0.35,,416,1.3866666666666667,0.44471153846153844,0.6026058631921825,0.5117565698478561,0.3469056831434111,0.4236587301587301,0.888,0.8131868131868132,0.9779735682819384,51,5
union:baseline_balanced@0.3+thinking_recall@0.1+grouped_event@0.6,,416,1.3866666666666667,0.44471153846153844,0.6026058631921825,0.5117565698478561,0.3469056831434111,0.4236587301587301,0.888,0.8131868131868132,0.9779735682819384,51,5
union:baseline_balanced@0.3+thinking_recall@0.3+grouped_event@0.35,,416,1.3866666666666667,0.44471153846153844,0.6026058631921825,0.5117565698478561,0.3469056831434111,0.4236587301587301,0.888,0.8131868131868132,0.9779735682819384,51,5
union:baseline_balanced@0.3+thinking_recall@0.3+grouped_event@0.6,,416,1.3866666666666667,0.44471153846153844,0.6026058631921825,0.5117565698478561,0.3469056831434111,0.4236587301587301,0.888,0.8131868131868132,0.9779735682819384,51,5
union:thinking_recall@0.35+grouped_event@0.35,,269,0.8966666666666666,0.5390334572490706,0.4723127035830619,0.5034722222222222,0.3452495730976216,0.344531746031746,0.8029556650246306,0.9106145251396648,0.7180616740088106,16,64
union:thinking_recall@0.35+grouped_event@0.6,,269,0.8966666666666666,0.5390334572490706,0.4723127035830619,0.5034722222222222,0.3452495730976216,0.344531746031746,0.8029556650246306,0.9106145251396648,0.7180616740088106,16,64
union:thinking_recall@0.6+grouped_event@0.35,,269,0.8966666666666666,0.5390334572490706,0.4723127035830619,0.5034722222222222,0.3452495730976216,0.344531746031746,0.8029556650246306,0.9106145251396648,0.7180616740088106,16,64
union:thinking_recall@0.6+grouped_event@0.6,,269,0.8966666666666666,0.5390334572490706,0.4723127035830619,0.5034722222222222,0.3452495730976216,0.344531746031746,0.8029556650246306,0.9106145251396648,0.7180616740088106,16,64
max:thinking_recall+grouped_event@0.35,0.35,269,0.8966666666666666,0.5390334572490706,0.4723127035830619,0.5034722222222222,0.3452495730976216,0.344531746031746,0.8029556650246306,0.9106145251396648,0.7180616740088106,16,64
max:thinking_recall+grouped_event@0.4,0.4,269,0.8966666666666666,0.5390334572490706,0.4723127035830619,0.5034722222222222,0.3452495730976216,0.344531746031746,0.8029556650246306,0.9106145251396648,0.7180616740088106,16,64
max:thinking_recall+grouped_event@0.45,0.45,269,0.8966666666666666,0.5390334572490706,0.4723127035830619,0.5034722222222222,0.3452495730976216,0.344531746031746,0.8029556650246306,0.9106145251396648,0.7180616740088106,16,64
max:thinking_recall+grouped_event@0.5,0.5,269,0.8966666666666666,0.5390334572490706,0.4723127035830619,0.5034722222222222,0.3452495730976216,0.344531746031746,0.8029556650246306,0.9106145251396648,0.7180616740088106,16,64
max:thinking_recall+grouped_event@0.55,0.55,269,0.8966666666666666,0.5390334572490706,0.4723127035830619,0.5034722222222222,0.3452495730976216,0.344531746031746,0.8029556650246306,0.9106145251396648,0.7180616740088106,16,64
max:thinking_recall+grouped_event@0.6,0.6,269,0.8966666666666666,0.5390334572490706,0.4723127035830619,0.5034722222222222,0.3452495730976216,0.344531746031746,0.8029556650246306,0.9106145251396648,0.7180616740088106,16,64
union:baseline_balanced@0.1+grouped_event@0.35,,331,1.1033333333333333,0.48338368580060426,0.5211726384364821,0.5015673981191222,0.3363067965310287,0.38138888888888883,0.8703296703296703,0.868421052631579,0.8722466960352423,30,29
union:baseline_balanced@0.1+grouped_event@0.6,,331,1.1033333333333333,0.48338368580060426,0.5211726384364821,0.5015673981191222,0.3363067965310287,0.38138888888888883,0.8703296703296703,0.868421052631579,0.8722466960352423,30,29
union:baseline_balanced@0.3+grouped_event@0.35,,331,1.1033333333333333,0.48338368580060426,0.5211726384364821,0.5015673981191222,0.3363067965310287,0.38138888888888883,0.8703296703296703,0.868421052631579,0.8722466960352423,30,29
union:baseline_balanced@0.3+grouped_event@0.6,,331,1.1033333333333333,0.48338368580060426,0.5211726384364821,0.5015673981191222,0.3363067965310287,0.38138888888888883,0.8703296703296703,0.868421052631579,0.8722466960352423,30,29
union:thinking_recall@0.1+grouped_event@0.35,,348,1.16,0.46551724137931033,0.5276872964169381,0.4946564885496183,0.3369055491680417,0.3906428571428572,0.8679245283018868,0.828,0.9118942731277533,43,20
union:thinking_recall@0.1+grouped_event@0.6,,348,1.16,0.46551724137931033,0.5276872964169381,0.4946564885496183,0.3369055491680417,0.3906428571428572,0.8679245283018868,0.828,0.9118942731277533,43,20
union:thinking_recall@0.3+grouped_event@0.35,,348,1.16,0.46551724137931033,0.5276872964169381,0.4946564885496183,0.3369055491680417,0.3906428571428572,0.8679245283018868,0.828,0.9118942731277533,43,20
union:thinking_recall@0.3+grouped_event@0.6,,348,1.16,0.46551724137931033,0.5276872964169381,0.4946564885496183,0.3369055491680417,0.3906428571428572,0.8679245283018868,0.828,0.9118942731277533,43,20
union:baseline_balanced@0.35+grouped_event@0.35,,234,0.78,0.5683760683760684,0.43322475570032576,0.49168207024029575,0.341316581858319,0.31583333333333335,0.7611548556430446,0.9415584415584416,0.6387665198237885,9,82
union:baseline_balanced@0.35+grouped_event@0.6,,234,0.78,0.5683760683760684,0.43322475570032576,0.49168207024029575,0.341316581858319,0.31583333333333335,0.7611548556430446,0.9415584415584416,0.6387665198237885,9,82
union:baseline_balanced@0.6+grouped_event@0.35,,234,0.78,0.5683760683760684,0.43322475570032576,0.49168207024029575,0.341316581858319,0.31583333333333335,0.7611548556430446,0.9415584415584416,0.6387665198237885,9,82
union:baseline_balanced@0.6+grouped_event@0.6,,234,0.78,0.5683760683760684,0.43322475570032576,0.49168207024029575,0.341316581858319,0.31583333333333335,0.7611548556430446,0.9415584415584416,0.6387665198237885,9,82
max:baseline_balanced+grouped_event@0.35,0.35,234,0.78,0.5683760683760684,0.43322475570032576,0.49168207024029575,0.341316581858319,0.31583333333333335,0.7611548556430446,0.9415584415584416,0.6387665198237885,9,82
max:baseline_balanced+grouped_event@0.4,0.4,234,0.78,0.5683760683760684,0.43322475570032576,0.49168207024029575,0.341316581858319,0.31583333333333335,0.7611548556430446,0.9415584415584416,0.6387665198237885,9,82
max:baseline_balanced+grouped_event@0.45,0.45,234,0.78,0.5683760683760684,0.43322475570032576,0.49168207024029575,0.341316581858319,0.31583333333333335,0.7611548556430446,0.9415584415584416,0.6387665198237885,9,82
max:baseline_balanced+grouped_event@0.5,0.5,234,0.78,0.5683760683760684,0.43322475570032576,0.49168207024029575,0.341316581858319,0.31583333333333335,0.7611548556430446,0.9415584415584416,0.6387665198237885,9,82
max:baseline_balanced+grouped_event@0.55,0.55,234,0.78,0.5683760683760684,0.43322475570032576,0.49168207024029575,0.341316581858319,0.31583333333333335,0.7611548556430446,0.9415584415584416,0.6387665198237885,9,82
max:baseline_balanced+grouped_event@0.6,0.6,234,0.78,0.5683760683760684,0.43322475570032576,0.49168207024029575,0.341316581858319,0.31583333333333335,0.7611548556430446,0.9415584415584416,0.6387665198237885,9,82
baseline_balanced@0.05,0.05,236,0.7866666666666666,0.559322033898305,0.42996742671009774,0.4861878453038674,0.24686306757077944,0.3585555555555555,0.8454545454545455,0.8732394366197183,0.8193832599118943,27,41
baseline_balanced@0.1,0.1,236,0.7866666666666666,0.559322033898305,0.42996742671009774,0.4861878453038674,0.24686306757077944,0.3585555555555555,0.8454545454545455,0.8732394366197183,0.8193832599118943,27,41
baseline_balanced@0.15,0.15,236,0.7866666666666666,0.559322033898305,0.42996742671009774,0.4861878453038674,0.24686306757077944,0.3585555555555555,0.8454545454545455,0.8732394366197183,0.8193832599118943,27,41
baseline_balanced@0.2,0.2,236,0.7866666666666666,0.559322033898305,0.42996742671009774,0.4861878453038674,0.24686306757077944,0.3585555555555555,0.8454545454545455,0.8732394366197183,0.8193832599118943,27,41
baseline_balanced@0.25,0.25,236,0.7866666666666666,0.559322033898305,0.42996742671009774,0.4861878453038674,0.24686306757077944,0.3585555555555555,0.8454545454545455,0.8732394366197183,0.8193832599118943,27,41
baseline_balanced@0.3,0.3,236,0.7866666666666666,0.559322033898305,0.42996742671009774,0.4861878453038674,0.24686306757077944,0.3585555555555555,0.8454545454545455,0.8732394366197183,0.8193832599118943,27,41
thinking_recall@0.05,0.05,253,0.8433333333333334,0.5296442687747036,0.4364820846905538,0.4785714285714286,0.17976897244631798,0.37922222222222224,0.8522483940042827,0.8291666666666667,0.8766519823788547,41,28
thinking_recall@0.1,0.1,253,0.8433333333333334,0.5296442687747036,0.4364820846905538,0.4785714285714286,0.17976897244631798,0.37922222222222224,0.8522483940042827,0.8291666666666667,0.8766519823788547,41,28
thinking_recall@0.15,0.15,253,0.8433333333333334,0.5296442687747036,0.4364820846905538,0.4785714285714286,0.17976897244631798,0.37922222222222224,0.8522483940042827,0.8291666666666667,0.8766519823788547,41,28
thinking_recall@0.2,0.2,253,0.8433333333333334,0.5296442687747036,0.4364820846905538,0.4785714285714286,0.17976897244631798,0.37922222222222224,0.8522483940042827,0.8291666666666667,0.8766519823788547,41,28
thinking_recall@0.25,0.25,253,0.8433333333333334,0.5296442687747036,0.4364820846905538,0.4785714285714286,0.17976897244631798,0.37922222222222224,0.8522483940042827,0.8291666666666667,0.8766519823788547,41,28
thinking_recall@0.3,0.3,253,0.8433333333333334,0.5296442687747036,0.4364820846905538,0.4785714285714286,0.17976897244631798,0.37922222222222224,0.8522483940042827,0.8291666666666667,0.8766519823788547,41,28
thinking_recall@0.35,0.35,168,0.56,0.6726190476190477,0.36807817589576547,0.47578947368421054,0.18965939528471823,0.3153333333333333,0.7552083333333334,0.9235668789808917,0.6387665198237885,12,82
thinking_recall@0.4,0.4,168,0.56,0.6726190476190477,0.36807817589576547,0.47578947368421054,0.18965939528471823,0.3153333333333333,0.7552083333333334,0.9235668789808917,0.6387665198237885,12,82
thinking_recall@0.45,0.45,168,0.56,0.6726190476190477,0.36807817589576547,0.47578947368421054,0.18965939528471823,0.3153333333333333,0.7552083333333334,0.9235668789808917,0.6387665198237885,12,82
thinking_recall@0.5,0.5,168,0.56,0.6726190476190477,0.36807817589576547,0.47578947368421054,0.18965939528471823,0.3153333333333333,0.7552083333333334,0.9235668789808917,0.6387665198237885,12,82
thinking_recall@0.55,0.55,168,0.56,0.6726190476190477,0.36807817589576547,0.47578947368421054,0.18965939528471823,0.3153333333333333,0.7552083333333334,0.9235668789808917,0.6387665198237885,12,82
thinking_recall@0.6,0.6,168,0.56,0.6726190476190477,0.36807817589576547,0.47578947368421054,0.18965939528471823,0.3153333333333333,0.7552083333333334,0.9235668789808917,0.6387665198237885,12,82
baseline_balanced@0.35,0.35,125,0.4166666666666667,0.768,0.3127035830618892,0.4444444444444444,0.2396220090821884,0.26611111111111113,0.6647398843930635,0.9663865546218487,0.5066079295154186,4,112
baseline_balanced@0.4,0.4,125,0.4166666666666667,0.768,0.3127035830618892,0.4444444444444444,0.2396220090821884,0.26611111111111113,0.6647398843930635,0.9663865546218487,0.5066079295154186,4,112
baseline_balanced@0.45,0.45,125,0.4166666666666667,0.768,0.3127035830618892,0.4444444444444444,0.2396220090821884,0.26611111111111113,0.6647398843930635,0.9663865546218487,0.5066079295154186,4,112
baseline_balanced@0.5,0.5,125,0.4166666666666667,0.768,0.3127035830618892,0.4444444444444444,0.2396220090821884,0.26611111111111113,0.6647398843930635,0.9663865546218487,0.5066079295154186,4,112
baseline_balanced@0.55,0.55,125,0.4166666666666667,0.768,0.3127035830618892,0.4444444444444444,0.2396220090821884,0.26611111111111113,0.6647398843930635,0.9663865546218487,0.5066079295154186,4,112
baseline_balanced@0.6,0.6,125,0.4166666666666667,0.768,0.3127035830618892,0.4444444444444444,0.2396220090821884,0.26611111111111113,0.6647398843930635,0.9663865546218487,0.5066079295154186,4,112
intersection:baseline_balanced@0.1+thinking_recall@0.1,,152,0.5066666666666667,0.6578947368421053,0.3257328990228013,0.4357298474945534,0.1483249971652829,0.2866666666666666,0.7146666666666667,0.9054054054054054,0.5903083700440529,14,93
intersection:baseline_balanced@0.1+thinking_recall@0.3,,152,0.5066666666666667,0.6578947368421053,0.3257328990228013,0.4357298474945534,0.1483249971652829,0.2866666666666666,0.7146666666666667,0.9054054054054054,0.5903083700440529,14,93
intersection:baseline_balanced@0.3+thinking_recall@0.1,,152,0.5066666666666667,0.6578947368421053,0.3257328990228013,0.4357298474945534,0.1483249971652829,0.2866666666666666,0.7146666666666667,0.9054054054054054,0.5903083700440529,14,93
intersection:baseline_balanced@0.3+thinking_recall@0.3,,152,0.5066666666666667,0.6578947368421053,0.3257328990228013,0.4357298474945534,0.1483249971652829,0.2866666666666666,0.7146666666666667,0.9054054054054054,0.5903083700440529,14,93
intersection:baseline_balanced@0.1+thinking_recall@0.35,,112,0.37333333333333335,0.7678571428571429,0.28013029315960913,0.4105011933174224,0.15105042016806722,0.24333333333333335,0.6190476190476191,0.9541284403669725,0.4581497797356828,5,123
intersection:baseline_balanced@0.1+thinking_recall@0.6,,112,0.37333333333333335,0.7678571428571429,0.28013029315960913,0.4105011933174224,0.15105042016806722,0.24333333333333335,0.6190476190476191,0.9541284403669725,0.4581497797356828,5,123
intersection:baseline_balanced@0.3+thinking_recall@0.35,,112,0.37333333333333335,0.7678571428571429,0.28013029315960913,0.4105011933174224,0.15105042016806722,0.24333333333333335,0.6190476190476191,0.9541284403669725,0.4581497797356828,5,123
intersection:baseline_balanced@0.3+thinking_recall@0.6,,112,0.37333333333333335,0.7678571428571429,0.28013029315960913,0.4105011933174224,0.15105042016806722,0.24333333333333335,0.6190476190476191,0.9541284403669725,0.4581497797356828,5,123
intersection:thinking_recall@0.1+grouped_event@0.1,,151,0.5033333333333333,0.6026490066225165,0.2964169381107492,0.39737991266375544,0.14678031719356258,0.25666666666666665,0.6846361185983828,0.8819444444444444,0.5594713656387665,17,100
intersection:thinking_recall@0.1+grouped_event@0.3,,151,0.5033333333333333,0.6026490066225165,0.2964169381107492,0.39737991266375544,0.14678031719356258,0.25666666666666665,0.6846361185983828,0.8819444444444444,0.5594713656387665,17,100
intersection:thinking_recall@0.3+grouped_event@0.1,,151,0.5033333333333333,0.6026490066225165,0.2964169381107492,0.39737991266375544,0.14678031719356258,0.25666666666666665,0.6846361185983828,0.8819444444444444,0.5594713656387665,17,100
intersection:thinking_recall@0.3+grouped_event@0.3,,151,0.5033333333333333,0.6026490066225165,0.2964169381107492,0.39737991266375544,0.14678031719356258,0.25666666666666665,0.6846361185983828,0.8819444444444444,0.5594713656387665,17,100
union:baseline_balanced@0.1+thinking_recall@0.35+grouped_event@0.1,,756,2.52,0.2791005291005291,0.6872964169381107,0.3969896519285042,0.29262499958724214,0.3656565656565656,0.874251497005988,0.7992700729927007,0.9647577092511013,55,8
union:baseline_balanced@0.1+thinking_recall@0.35+grouped_event@0.3,,756,2.52,0.2791005291005291,0.6872964169381107,0.3969896519285042,0.29262499958724214,0.3656565656565656,0.874251497005988,0.7992700729927007,0.9647577092511013,55,8
union:baseline_balanced@0.1+thinking_recall@0.6+grouped_event@0.1,,756,2.52,0.2791005291005291,0.6872964169381107,0.3969896519285042,0.29262499958724214,0.3656565656565656,0.874251497005988,0.7992700729927007,0.9647577092511013,55,8
union:baseline_balanced@0.1+thinking_recall@0.6+grouped_event@0.3,,756,2.52,0.2791005291005291,0.6872964169381107,0.3969896519285042,0.29262499958724214,0.3656565656565656,0.874251497005988,0.7992700729927007,0.9647577092511013,55,8
union:baseline_balanced@0.3+thinking_recall@0.35+grouped_event@0.1,,756,2.52,0.2791005291005291,0.6872964169381107,0.3969896519285042,0.29262499958724214,0.3656565656565656,0.874251497005988,0.7992700729927007,0.9647577092511013,55,8
union:baseline_balanced@0.3+thinking_recall@0.35+grouped_event@0.3,,756,2.52,0.2791005291005291,0.6872964169381107,0.3969896519285042,0.29262499958724214,0.3656565656565656,0.874251497005988,0.7992700729927007,0.9647577092511013,55,8
union:baseline_balanced@0.3+thinking_recall@0.6+grouped_event@0.1,,756,2.52,0.2791005291005291,0.6872964169381107,0.3969896519285042,0.29262499958724214,0.3656565656565656,0.874251497005988,0.7992700729927007,0.9647577092511013,55,8
union:baseline_balanced@0.3+thinking_recall@0.6+grouped_event@0.3,,756,2.52,0.2791005291005291,0.6872964169381107,0.3969896519285042,0.29262499958724214,0.3656565656565656,0.874251497005988,0.7992700729927007,0.9647577092511013,55,8
union:baseline_balanced@0.35+thinking_recall@0.1+grouped_event@0.1,,752,2.506666666666667,0.27925531914893614,0.6840390879478827,0.39660056657223797,0.2934631349348274,0.3657857142857143,0.8656126482213439,0.7849462365591398,0.9647577092511013,60,8
union:baseline_balanced@0.35+thinking_recall@0.1+grouped_event@0.3,,752,2.506666666666667,0.27925531914893614,0.6840390879478827,0.39660056657223797,0.2934631349348274,0.3657857142857143,0.8656126482213439,0.7849462365591398,0.9647577092511013,60,8
union:baseline_balanced@0.35+thinking_recall@0.3+grouped_event@0.1,,752,2.506666666666667,0.27925531914893614,0.6840390879478827,0.39660056657223797,0.2934631349348274,0.3657857142857143,0.8656126482213439,0.7849462365591398,0.9647577092511013,60,8
union:baseline_balanced@0.35+thinking_recall@0.3+grouped_event@0.3,,752,2.506666666666667,0.27925531914893614,0.6840390879478827,0.39660056657223797,0.2934631349348274,0.3657857142857143,0.8656126482213439,0.7849462365591398,0.9647577092511013,60,8
union:baseline_balanced@0.6+thinking_recall@0.1+grouped_event@0.1,,752,2.506666666666667,0.27925531914893614,0.6840390879478827,0.39660056657223797,0.2934631349348274,0.3657857142857143,0.8656126482213439,0.7849462365591398,0.9647577092511013,60,8
union:baseline_balanced@0.6+thinking_recall@0.1+grouped_event@0.3,,752,2.506666666666667,0.27925531914893614,0.6840390879478827,0.39660056657223797,0.2934631349348274,0.3657857142857143,0.8656126482213439,0.7849462365591398,0.9647577092511013,60,8
union:baseline_balanced@0.6+thinking_recall@0.3+grouped_event@0.1,,752,2.506666666666667,0.27925531914893614,0.6840390879478827,0.39660056657223797,0.2934631349348274,0.3657857142857143,0.8656126482213439,0.7849462365591398,0.9647577092511013,60,8
union:baseline_balanced@0.6+thinking_recall@0.3+grouped_event@0.3,,752,2.506666666666667,0.27925531914893614,0.6840390879478827,0.39660056657223797,0.2934631349348274,0.3657857142857143,0.8656126482213439,0.7849462365591398,0.9647577092511013,60,8
union:baseline_balanced@0.1+grouped_event@0.1,,731,2.4366666666666665,0.280437756497948,0.6677524429967426,0.394990366088632,0.2892254932662242,0.36199254449254453,0.8714859437751004,0.8007380073800738,0.9559471365638766,54,10
union:baseline_balanced@0.1+grouped_event@0.3,,731,2.4366666666666665,0.280437756497948,0.6677524429967426,0.394990366088632,0.2892254932662242,0.36199254449254453,0.8714859437751004,0.8007380073800738,0.9559471365638766,54,10
union:baseline_balanced@0.3+grouped_event@0.1,,731,2.4366666666666665,0.280437756497948,0.6677524429967426,0.394990366088632,0.2892254932662242,0.36199254449254453,0.8714859437751004,0.8007380073800738,0.9559471365638766,54,10
union:baseline_balanced@0.3+grouped_event@0.3,,731,2.4366666666666665,0.280437756497948,0.6677524429967426,0.394990366088632,0.2892254932662242,0.36199254449254453,0.8714859437751004,0.8007380073800738,0.9559471365638766,54,10
max:baseline_balanced+grouped_event@0.05,0.05,731,2.4366666666666665,0.280437756497948,0.6677524429967426,0.394990366088632,0.2892254932662242,0.36199254449254453,0.8714859437751004,0.8007380073800738,0.9559471365638766,54,10
max:baseline_balanced+grouped_event@0.1,0.1,731,2.4366666666666665,0.280437756497948,0.6677524429967426,0.394990366088632,0.2892254932662242,0.36199254449254453,0.8714859437751004,0.8007380073800738,0.9559471365638766,54,10
max:baseline_balanced+grouped_event@0.15,0.15,731,2.4366666666666665,0.280437756497948,0.6677524429967426,0.394990366088632,0.2892254932662242,0.36199254449254453,0.8714859437751004,0.8007380073800738,0.9559471365638766,54,10
max:baseline_balanced+grouped_event@0.2,0.2,731,2.4366666666666665,0.280437756497948,0.6677524429967426,0.394990366088632,0.2892254932662242,0.36199254449254453,0.8714859437751004,0.8007380073800738,0.9559471365638766,54,10
max:baseline_balanced+grouped_event@0.25,0.25,731,2.4366666666666665,0.280437756497948,0.6677524429967426,0.394990366088632,0.2892254932662242,0.36199254449254453,0.8714859437751004,0.8007380073800738,0.9559471365638766,54,10
max:baseline_balanced+grouped_event@0.3,0.3,731,2.4366666666666665,0.280437756497948,0.6677524429967426,0.394990366088632,0.2892254932662242,0.36199254449254453,0.8714859437751004,0.8007380073800738,0.9559471365638766,54,10
union:baseline_balanced@0.1+thinking_recall@0.1+grouped_event@0.1,,785,2.6166666666666667,0.27388535031847133,0.7003257328990228,0.39377289377289376,0.2913584040775294,0.370553391053391,0.8693957115009746,0.7797202797202797,0.9823788546255506,63,4
union:baseline_balanced@0.1+thinking_recall@0.1+grouped_event@0.3,,785,2.6166666666666667,0.27388535031847133,0.7003257328990228,0.39377289377289376,0.2913584040775294,0.370553391053391,0.8693957115009746,0.7797202797202797,0.9823788546255506,63,4
union:baseline_balanced@0.1+thinking_recall@0.3+grouped_event@0.1,,785,2.6166666666666667,0.27388535031847133,0.7003257328990228,0.39377289377289376,0.2913584040775294,0.370553391053391,0.8693957115009746,0.7797202797202797,0.9823788546255506,63,4
union:baseline_balanced@0.1+thinking_recall@0.3+grouped_event@0.3,,785,2.6166666666666667,0.27388535031847133,0.7003257328990228,0.39377289377289376,0.2913584040775294,0.370553391053391,0.8693957115009746,0.7797202797202797,0.9823788546255506,63,4
union:baseline_balanced@0.3+thinking_recall@0.1+grouped_event@0.1,,785,2.6166666666666667,0.27388535031847133,0.7003257328990228,0.39377289377289376,0.2913584040775294,0.370553391053391,0.8693957115009746,0.7797202797202797,0.9823788546255506,63,4
union:baseline_balanced@0.3+thinking_recall@0.1+grouped_event@0.3,,785,2.6166666666666667,0.27388535031847133,0.7003257328990228,0.39377289377289376,0.2913584040775294,0.370553391053391,0.8693957115009746,0.7797202797202797,0.9823788546255506,63,4
union:baseline_balanced@0.3+thinking_recall@0.3+grouped_event@0.1,,785,2.6166666666666667,0.27388535031847133,0.7003257328990228,0.39377289377289376,0.2913584040775294,0.370553391053391,0.8693957115009746,0.7797202797202797,0.9823788546255506,63,4
union:baseline_balanced@0.3+thinking_recall@0.3+grouped_event@0.3,,785,2.6166666666666667,0.27388535031847133,0.7003257328990228,0.39377289377289376,0.2913584040775294,0.370553391053391,0.8693957115009746,0.7797202797202797,0.9823788546255506,63,4
max:baseline_balanced+thinking_recall+grouped_event@0.05,0.05,785,2.6166666666666667,0.27388535031847133,0.7003257328990228,0.39377289377289376,0.2913584040775294,0.370553391053391,0.8693957115009746,0.7797202797202797,0.9823788546255506,63,4
max:baseline_balanced+thinking_recall+grouped_event@0.1,0.1,785,2.6166666666666667,0.27388535031847133,0.7003257328990228,0.39377289377289376,0.2913584040775294,0.370553391053391,0.8693957115009746,0.7797202797202797,0.9823788546255506,63,4
max:baseline_balanced+thinking_recall+grouped_event@0.15,0.15,785,2.6166666666666667,0.27388535031847133,0.7003257328990228,0.39377289377289376,0.2913584040775294,0.370553391053391,0.8693957115009746,0.7797202797202797,0.9823788546255506,63,4
max:baseline_balanced+thinking_recall+grouped_event@0.2,0.2,785,2.6166666666666667,0.27388535031847133,0.7003257328990228,0.39377289377289376,0.2913584040775294,0.370553391053391,0.8693957115009746,0.7797202797202797,0.9823788546255506,63,4
max:baseline_balanced+thinking_recall+grouped_event@0.25,0.25,785,2.6166666666666667,0.27388535031847133,0.7003257328990228,0.39377289377289376,0.2913584040775294,0.370553391053391,0.8693957115009746,0.7797202797202797,0.9823788546255506,63,4
max:baseline_balanced+thinking_recall+grouped_event@0.3,0.3,785,2.6166666666666667,0.27388535031847133,0.7003257328990228,0.39377289377289376,0.2913584040775294,0.370553391053391,0.8693957115009746,0.7797202797202797,0.9823788546255506,63,4
union:baseline_balanced@0.35+thinking_recall@0.35+grouped_event@0.1,,711,2.37,0.2812939521800281,0.6514657980456026,0.3929273084479371,0.29274824313959635,0.34817460317460314,0.8647540983606558,0.8084291187739464,0.9295154185022027,50,16
union:baseline_balanced@0.35+thinking_recall@0.35+grouped_event@0.3,,711,2.37,0.2812939521800281,0.6514657980456026,0.3929273084479371,0.29274824313959635,0.34817460317460314,0.8647540983606558,0.8084291187739464,0.9295154185022027,50,16
union:baseline_balanced@0.35+thinking_recall@0.6+grouped_event@0.1,,711,2.37,0.2812939521800281,0.6514657980456026,0.3929273084479371,0.29274824313959635,0.34817460317460314,0.8647540983606558,0.8084291187739464,0.9295154185022027,50,16
union:baseline_balanced@0.35+thinking_recall@0.6+grouped_event@0.3,,711,2.37,0.2812939521800281,0.6514657980456026,0.3929273084479371,0.29274824313959635,0.34817460317460314,0.8647540983606558,0.8084291187739464,0.9295154185022027,50,16
union:baseline_balanced@0.6+thinking_recall@0.35+grouped_event@0.1,,711,2.37,0.2812939521800281,0.6514657980456026,0.3929273084479371,0.29274824313959635,0.34817460317460314,0.8647540983606558,0.8084291187739464,0.9295154185022027,50,16
union:baseline_balanced@0.6+thinking_recall@0.35+grouped_event@0.3,,711,2.37,0.2812939521800281,0.6514657980456026,0.3929273084479371,0.29274824313959635,0.34817460317460314,0.8647540983606558,0.8084291187739464,0.9295154185022027,50,16
union:baseline_balanced@0.6+thinking_recall@0.6+grouped_event@0.1,,711,2.37,0.2812939521800281,0.6514657980456026,0.3929273084479371,0.29274824313959635,0.34817460317460314,0.8647540983606558,0.8084291187739464,0.9295154185022027,50,16
union:baseline_balanced@0.6+thinking_recall@0.6+grouped_event@0.3,,711,2.37,0.2812939521800281,0.6514657980456026,0.3929273084479371,0.29274824313959635,0.34817460317460314,0.8647540983606558,0.8084291187739464,0.9295154185022027,50,16
intersection:thinking_recall@0.35+grouped_event@0.1,,107,0.3566666666666667,0.7476635514018691,0.26058631921824105,0.3864734299516908,0.15305521173930053,0.22277777777777777,0.5957446808510638,0.9607843137254902,0.43171806167400884,4,129
intersection:thinking_recall@0.35+grouped_event@0.3,,107,0.3566666666666667,0.7476635514018691,0.26058631921824105,0.3864734299516908,0.15305521173930053,0.22277777777777777,0.5957446808510638,0.9607843137254902,0.43171806167400884,4,129
intersection:thinking_recall@0.6+grouped_event@0.1,,107,0.3566666666666667,0.7476635514018691,0.26058631921824105,0.3864734299516908,0.15305521173930053,0.22277777777777777,0.5957446808510638,0.9607843137254902,0.43171806167400884,4,129
intersection:thinking_recall@0.6+grouped_event@0.3,,107,0.3566666666666667,0.7476635514018691,0.26058631921824105,0.3864734299516908,0.15305521173930053,0.22277777777777777,0.5957446808510638,0.9607843137254902,0.43171806167400884,4,129
union:thinking_recall@0.1+grouped_event@0.1,,738,2.46,0.27100271002710025,0.6514657980456026,0.3827751196172249,0.28773652920195475,0.3495,0.8650793650793651,0.7870036101083032,0.960352422907489,59,9
union:thinking_recall@0.1+grouped_event@0.3,,738,2.46,0.27100271002710025,0.6514657980456026,0.3827751196172249,0.28773652920195475,0.3495,0.8650793650793651,0.7870036101083032,0.960352422907489,59,9
union:thinking_recall@0.3+grouped_event@0.1,,738,2.46,0.27100271002710025,0.6514657980456026,0.3827751196172249,0.28773652920195475,0.3495,0.8650793650793651,0.7870036101083032,0.960352422907489,59,9
union:thinking_recall@0.3+grouped_event@0.3,,738,2.46,0.27100271002710025,0.6514657980456026,0.3827751196172249,0.28773652920195475,0.3495,0.8650793650793651,0.7870036101083032,0.960352422907489,59,9
max:thinking_recall+grouped_event@0.05,0.05,738,2.46,0.27100271002710025,0.6514657980456026,0.3827751196172249,0.28773652920195475,0.3495,0.8650793650793651,0.7870036101083032,0.960352422907489,59,9
max:thinking_recall+grouped_event@0.1,0.1,738,2.46,0.27100271002710025,0.6514657980456026,0.3827751196172249,0.28773652920195475,0.3495,0.8650793650793651,0.7870036101083032,0.960352422907489,59,9
max:thinking_recall+grouped_event@0.15,0.15,738,2.46,0.27100271002710025,0.6514657980456026,0.3827751196172249,0.28773652920195475,0.3495,0.8650793650793651,0.7870036101083032,0.960352422907489,59,9
max:thinking_recall+grouped_event@0.2,0.2,738,2.46,0.27100271002710025,0.6514657980456026,0.3827751196172249,0.28773652920195475,0.3495,0.8650793650793651,0.7870036101083032,0.960352422907489,59,9
max:thinking_recall+grouped_event@0.25,0.25,738,2.46,0.27100271002710025,0.6514657980456026,0.3827751196172249,0.28773652920195475,0.3495,0.8650793650793651,0.7870036101083032,0.960352422907489,59,9
max:thinking_recall+grouped_event@0.3,0.3,738,2.46,0.27100271002710025,0.6514657980456026,0.3827751196172249,0.28773652920195475,0.3495,0.8650793650793651,0.7870036101083032,0.960352422907489,59,9
union:baseline_balanced@0.35+grouped_event@0.1,,676,2.2533333333333334,0.2781065088757396,0.6123778501628665,0.38250254323499494,0.28834422830215306,0.3331772486772487,0.8589211618257261,0.8117647058823529,0.9118942731277533,48,20
union:baseline_balanced@0.35+grouped_event@0.3,,676,2.2533333333333334,0.2781065088757396,0.6123778501628665,0.38250254323499494,0.28834422830215306,0.3331772486772487,0.8589211618257261,0.8117647058823529,0.9118942731277533,48,20
union:baseline_balanced@0.6+grouped_event@0.1,,676,2.2533333333333334,0.2781065088757396,0.6123778501628665,0.38250254323499494,0.28834422830215306,0.3331772486772487,0.8589211618257261,0.8117647058823529,0.9118942731277533,48,20
union:baseline_balanced@0.6+grouped_event@0.3,,676,2.2533333333333334,0.2781065088757396,0.6123778501628665,0.38250254323499494,0.28834422830215306,0.3331772486772487,0.8589211618257261,0.8117647058823529,0.9118942731277533,48,20
union:thinking_recall@0.35+grouped_event@0.1,,697,2.3233333333333333,0.27259684361549497,0.6188925081433225,0.3784860557768924,0.28685033407928995,0.3318888888888889,0.8641975308641975,0.8108108108108109,0.9251101321585903,49,17
union:thinking_recall@0.35+grouped_event@0.3,,697,2.3233333333333333,0.27259684361549497,0.6188925081433225,0.3784860557768924,0.28685033407928995,0.3318888888888889,0.8641975308641975,0.8108108108108109,0.9251101321585903,49,17
union:thinking_recall@0.6+grouped_event@0.1,,697,2.3233333333333333,0.27259684361549497,0.6188925081433225,0.3784860557768924,0.28685033407928995,0.3318888888888889,0.8641975308641975,0.8108108108108109,0.9251101321585903,49,17
union:thinking_recall@0.6+grouped_event@0.3,,697,2.3233333333333333,0.27259684361549497,0.6188925081433225,0.3784860557768924,0.28685033407928995,0.3318888888888889,0.8641975308641975,0.8108108108108109,0.9251101321585903,49,17
intersection:baseline_balanced@0.35+thinking_recall@0.1,,92,0.30666666666666664,0.8152173913043478,0.24429967426710097,0.37593984962406013,0.12958691626830962,0.21555555555555553,0.555205047318612,0.9777777777777777,0.3876651982378855,2,139
intersection:baseline_balanced@0.35+thinking_recall@0.3,,92,0.30666666666666664,0.8152173913043478,0.24429967426710097,0.37593984962406013,0.12958691626830962,0.21555555555555553,0.555205047318612,0.9777777777777777,0.3876651982378855,2,139
intersection:baseline_balanced@0.6+thinking_recall@0.1,,92,0.30666666666666664,0.8152173913043478,0.24429967426710097,0.37593984962406013,0.12958691626830962,0.21555555555555553,0.555205047318612,0.9777777777777777,0.3876651982378855,2,139
intersection:baseline_balanced@0.6+thinking_recall@0.3,,92,0.30666666666666664,0.8152173913043478,0.24429967426710097,0.37593984962406013,0.12958691626830962,0.21555555555555553,0.555205047318612,0.9777777777777777,0.3876651982378855,2,139
intersection:baseline_balanced@0.1+grouped_event@0.1,,141,0.47,0.5957446808510638,0.2736156351791531,0.375,0.20515744503750497,0.22855555555555554,0.6592797783933518,0.8880597014925373,0.5242290748898678,15,108
intersection:baseline_balanced@0.1+grouped_event@0.3,,141,0.47,0.5957446808510638,0.2736156351791531,0.375,0.20515744503750497,0.22855555555555554,0.6592797783933518,0.8880597014925373,0.5242290748898678,15,108
intersection:baseline_balanced@0.3+grouped_event@0.1,,141,0.47,0.5957446808510638,0.2736156351791531,0.375,0.20515744503750497,0.22855555555555554,0.6592797783933518,0.8880597014925373,0.5242290748898678,15,108
intersection:baseline_balanced@0.3+grouped_event@0.3,,141,0.47,0.5957446808510638,0.2736156351791531,0.375,0.20515744503750497,0.22855555555555554,0.6592797783933518,0.8880597014925373,0.5242290748898678,15,108
intersection:baseline_balanced@0.35+thinking_recall@0.35,,85,0.2833333333333333,0.8352941176470589,0.23127035830618892,0.3622448979591837,0.12856479836724857,0.20333333333333334,0.5225806451612903,0.9759036144578314,0.3568281938325991,2,146
intersection:baseline_balanced@0.35+thinking_recall@0.6,,85,0.2833333333333333,0.8352941176470589,0.23127035830618892,0.3622448979591837,0.12856479836724857,0.20333333333333334,0.5225806451612903,0.9759036144578314,0.3568281938325991,2,146
intersection:baseline_balanced@0.6+thinking_recall@0.35,,85,0.2833333333333333,0.8352941176470589,0.23127035830618892,0.3622448979591837,0.12856479836724857,0.20333333333333334,0.5225806451612903,0.9759036144578314,0.3568281938325991,2,146
intersection:baseline_balanced@0.6+thinking_recall@0.6,,85,0.2833333333333333,0.8352941176470589,0.23127035830618892,0.3622448979591837,0.12856479836724857,0.20333333333333334,0.5225806451612903,0.9759036144578314,0.3568281938325991,2,146
grouped_event@0.35,0.35,165,0.55,0.48484848484848486,0.26058631921824105,0.3389830508474576,0.2778383810964693,0.18373015873015874,0.5921450151057401,0.9423076923076923,0.43171806167400884,6,129
grouped_event@0.4,0.4,165,0.55,0.48484848484848486,0.26058631921824105,0.3389830508474576,0.2778383810964693,0.18373015873015874,0.5921450151057401,0.9423076923076923,0.43171806167400884,6,129
grouped_event@0.45,0.45,165,0.55,0.48484848484848486,0.26058631921824105,0.3389830508474576,0.2778383810964693,0.18373015873015874,0.5921450151057401,0.9423076923076923,0.43171806167400884,6,129
grouped_event@0.5,0.5,165,0.55,0.48484848484848486,0.26058631921824105,0.3389830508474576,0.2778383810964693,0.18373015873015874,0.5921450151057401,0.9423076923076923,0.43171806167400884,6,129
grouped_event@0.55,0.55,165,0.55,0.48484848484848486,0.26058631921824105,0.3389830508474576,0.2778383810964693,0.18373015873015874,0.5921450151057401,0.9423076923076923,0.43171806167400884,6,129
grouped_event@0.6,0.6,165,0.55,0.48484848484848486,0.26058631921824105,0.3389830508474576,0.2778383810964693,0.18373015873015874,0.5921450151057401,0.9423076923076923,0.43171806167400884,6,129
grouped_event@0.05,0.05,636,2.12,0.2468553459119497,0.511400651465798,0.3329798515376458,0.26745063845395906,0.267031746031746,0.8333333333333334,0.8091286307053942,0.8590308370044053,46,32
grouped_event@0.1,0.1,636,2.12,0.2468553459119497,0.511400651465798,0.3329798515376458,0.26745063845395906,0.267031746031746,0.8333333333333334,0.8091286307053942,0.8590308370044053,46,32
grouped_event@0.15,0.15,636,2.12,0.2468553459119497,0.511400651465798,0.3329798515376458,0.26745063845395906,0.267031746031746,0.8333333333333334,0.8091286307053942,0.8590308370044053,46,32
grouped_event@0.2,0.2,636,2.12,0.2468553459119497,0.511400651465798,0.3329798515376458,0.26745063845395906,0.267031746031746,0.8333333333333334,0.8091286307053942,0.8590308370044053,46,32
grouped_event@0.25,0.25,636,2.12,0.2468553459119497,0.511400651465798,0.3329798515376458,0.26745063845395906,0.267031746031746,0.8333333333333334,0.8091286307053942,0.8590308370044053,46,32
grouped_event@0.3,0.3,636,2.12,0.2468553459119497,0.511400651465798,0.3329798515376458,0.26745063845395906,0.267031746031746,0.8333333333333334,0.8091286307053942,0.8590308370044053,46,32
intersection:baseline_balanced@0.35+grouped_event@0.1,,85,0.2833333333333333,0.7647058823529411,0.21172638436482086,0.33163265306122447,0.1929760316746488,0.17833333333333334,0.5225806451612903,0.9759036144578314,0.3568281938325991,2,146
intersection:baseline_balanced@0.35+grouped_event@0.3,,85,0.2833333333333333,0.7647058823529411,0.21172638436482086,0.33163265306122447,0.1929760316746488,0.17833333333333334,0.5225806451612903,0.9759036144578314,0.3568281938325991,2,146
intersection:baseline_balanced@0.6+grouped_event@0.1,,85,0.2833333333333333,0.7647058823529411,0.21172638436482086,0.33163265306122447,0.1929760316746488,0.17833333333333334,0.5225806451612903,0.9759036144578314,0.3568281938325991,2,146
intersection:baseline_balanced@0.6+grouped_event@0.3,,85,0.2833333333333333,0.7647058823529411,0.21172638436482086,0.33163265306122447,0.1929760316746488,0.17833333333333334,0.5225806451612903,0.9759036144578314,0.3568281938325991,2,146
intersection:baseline_balanced@0.1+thinking_recall@0.1+grouped_event@0.1,,104,0.3466666666666667,0.6442307692307693,0.2182410423452769,0.3260340632603406,0.11096471639729423,0.18833333333333332,0.5653495440729484,0.9117647058823529,0.40969162995594716,9,134
intersection:baseline_balanced@0.1+thinking_recall@0.1+grouped_event@0.3,,104,0.3466666666666667,0.6442307692307693,0.2182410423452769,0.3260340632603406,0.11096471639729423,0.18833333333333332,0.5653495440729484,0.9117647058823529,0.40969162995594716,9,134
intersection:baseline_balanced@0.1+thinking_recall@0.3+grouped_event@0.1,,104,0.3466666666666667,0.6442307692307693,0.2182410423452769,0.3260340632603406,0.11096471639729423,0.18833333333333332,0.5653495440729484,0.9117647058823529,0.40969162995594716,9,134
intersection:baseline_balanced@0.1+thinking_recall@0.3+grouped_event@0.3,,104,0.3466666666666667,0.6442307692307693,0.2182410423452769,0.3260340632603406,0.11096471639729423,0.18833333333333332,0.5653495440729484,0.9117647058823529,0.40969162995594716,9,134
intersection:baseline_balanced@0.3+thinking_recall@0.1+grouped_event@0.1,,104,0.3466666666666667,0.6442307692307693,0.2182410423452769,0.3260340632603406,0.11096471639729423,0.18833333333333332,0.5653495440729484,0.9117647058823529,0.40969162995594716,9,134
intersection:baseline_balanced@0.3+thinking_recall@0.1+grouped_event@0.3,,104,0.3466666666666667,0.6442307692307693,0.2182410423452769,0.3260340632603406,0.11096471639729423,0.18833333333333332,0.5653495440729484,0.9117647058823529,0.40969162995594716,9,134
intersection:baseline_balanced@0.3+thinking_recall@0.3+grouped_event@0.1,,104,0.3466666666666667,0.6442307692307693,0.2182410423452769,0.3260340632603406,0.11096471639729423,0.18833333333333332,0.5653495440729484,0.9117647058823529,0.40969162995594716,9,134
intersection:baseline_balanced@0.3+thinking_recall@0.3+grouped_event@0.3,,104,0.3466666666666667,0.6442307692307693,0.2182410423452769,0.3260340632603406,0.11096471639729423,0.18833333333333332,0.5653495440729484,0.9117647058823529,0.40969162995594716,9,134
max:baseline_balanced+thinking_recall+grouped_event@0.65,0.65,75,0.25,0.8,0.19543973941368079,0.31413612565445026,0.27633523064085014,0.15877777777777777,0.4610169491525424,1.0,0.29955947136563876,0,159
max:baseline_balanced+thinking_recall+grouped_event@0.7,0.7,75,0.25,0.8,0.19543973941368079,0.31413612565445026,0.27633523064085014,0.15877777777777777,0.4610169491525424,1.0,0.29955947136563876,0,159
max:baseline_balanced+thinking_recall+grouped_event@0.75,0.75,73,0.24333333333333335,0.8082191780821918,0.19218241042345277,0.3105263157894737,0.27551443720719765,0.156,0.4557823129251701,1.0,0.29515418502202645,0,160
max:baseline_balanced+thinking_recall+grouped_event@0.8,0.8,73,0.24333333333333335,0.8082191780821918,0.19218241042345277,0.3105263157894737,0.27551443720719765,0.156,0.4557823129251701,1.0,0.29515418502202645,0,160
intersection:baseline_balanced@0.1+thinking_recall@0.35+grouped_event@0.1,,76,0.25333333333333335,0.7763157894736842,0.19218241042345277,0.30809399477806787,0.11505875914845767,0.1638888888888889,0.4768211920529801,0.96,0.31718061674008813,3,155
intersection:baseline_balanced@0.1+thinking_recall@0.35+grouped_event@0.3,,76,0.25333333333333335,0.7763157894736842,0.19218241042345277,0.30809399477806787,0.11505875914845767,0.1638888888888889,0.4768211920529801,0.96,0.31718061674008813,3,155
intersection:baseline_balanced@0.1+thinking_recall@0.6+grouped_event@0.1,,76,0.25333333333333335,0.7763157894736842,0.19218241042345277,0.30809399477806787,0.11505875914845767,0.1638888888888889,0.4768211920529801,0.96,0.31718061674008813,3,155
intersection:baseline_balanced@0.1+thinking_recall@0.6+grouped_event@0.3,,76,0.25333333333333335,0.7763157894736842,0.19218241042345277,0.30809399477806787,0.11505875914845767,0.1638888888888889,0.4768211920529801,0.96,0.31718061674008813,3,155
intersection:baseline_balanced@0.3+thinking_recall@0.35+grouped_event@0.1,,76,0.25333333333333335,0.7763157894736842,0.19218241042345277,0.30809399477806787,0.11505875914845767,0.1638888888888889,0.4768211920529801,0.96,0.31718061674008813,3,155
intersection:baseline_balanced@0.3+thinking_recall@0.35+grouped_event@0.3,,76,0.25333333333333335,0.7763157894736842,0.19218241042345277,0.30809399477806787,0.11505875914845767,0.1638888888888889,0.4768211920529801,0.96,0.31718061674008813,3,155
intersection:baseline_balanced@0.3+thinking_recall@0.6+grouped_event@0.1,,76,0.25333333333333335,0.7763157894736842,0.19218241042345277,0.30809399477806787,0.11505875914845767,0.1638888888888889,0.4768211920529801,0.96,0.31718061674008813,3,155
intersection:baseline_balanced@0.3+thinking_recall@0.6+grouped_event@0.3,,76,0.25333333333333335,0.7763157894736842,0.19218241042345277,0.30809399477806787,0.11505875914845767,0.1638888888888889,0.4768211920529801,0.96,0.31718061674008813,3,155
max:baseline_balanced+thinking_recall+grouped_event@0.85,0.85,72,0.24,0.8055555555555556,0.18892508143322476,0.30606860158311344,0.27467410107274387,0.15266666666666664,0.45051194539249145,1.0,0.2907488986784141,0,161
max:baseline_balanced+thinking_recall+grouped_event@0.9,0.9,72,0.24,0.8055555555555556,0.18892508143322476,0.30606860158311344,0.27467410107274387,0.15266666666666664,0.45051194539249145,1.0,0.2907488986784141,0,161
max:thinking_recall+grouped_event@0.65,0.65,68,0.22666666666666666,0.8235294117647058,0.18241042345276873,0.2986666666666667,0.27154301562824196,0.1504444444444444,0.43986254295532645,1.0,0.28193832599118945,0,163
max:thinking_recall+grouped_event@0.7,0.7,68,0.22666666666666666,0.8235294117647058,0.18241042345276873,0.2986666666666667,0.27154301562824196,0.1504444444444444,0.43986254295532645,1.0,0.28193832599118945,0,163
max:thinking_recall+grouped_event@0.75,0.75,68,0.22666666666666666,0.8235294117647058,0.18241042345276873,0.2986666666666667,0.27154301562824196,0.1504444444444444,0.43986254295532645,1.0,0.28193832599118945,0,163
max:thinking_recall+grouped_event@0.8,0.8,68,0.22666666666666666,0.8235294117647058,0.18241042345276873,0.2986666666666667,0.27154301562824196,0.1504444444444444,0.43986254295532645,1.0,0.28193832599118945,0,163
max:thinking_recall+grouped_event@0.85,0.85,68,0.22666666666666666,0.8235294117647058,0.18241042345276873,0.2986666666666667,0.27154301562824196,0.1504444444444444,0.43986254295532645,1.0,0.28193832599118945,0,163
max:thinking_recall+grouped_event@0.9,0.9,68,0.22666666666666666,0.8235294117647058,0.18241042345276873,0.2986666666666667,0.27154301562824196,0.1504444444444444,0.43986254295532645,1.0,0.28193832599118945,0,163
intersection:baseline_balanced@0.35+thinking_recall@0.1+grouped_event@0.1,,66,0.22,0.8181818181818182,0.1758957654723127,0.289544235924933,0.09585830783531686,0.15277777777777776,0.4383561643835616,0.9846153846153847,0.28193832599118945,1,163
intersection:baseline_balanced@0.35+thinking_recall@0.1+grouped_event@0.3,,66,0.22,0.8181818181818182,0.1758957654723127,0.289544235924933,0.09585830783531686,0.15277777777777776,0.4383561643835616,0.9846153846153847,0.28193832599118945,1,163
intersection:baseline_balanced@0.35+thinking_recall@0.3+grouped_event@0.1,,66,0.22,0.8181818181818182,0.1758957654723127,0.289544235924933,0.09585830783531686,0.15277777777777776,0.4383561643835616,0.9846153846153847,0.28193832599118945,1,163
intersection:baseline_balanced@0.35+thinking_recall@0.3+grouped_event@0.3,,66,0.22,0.8181818181818182,0.1758957654723127,0.289544235924933,0.09585830783531686,0.15277777777777776,0.4383561643835616,0.9846153846153847,0.28193832599118945,1,163
intersection:baseline_balanced@0.6+thinking_recall@0.1+grouped_event@0.1,,66,0.22,0.8181818181818182,0.1758957654723127,0.289544235924933,0.09585830783531686,0.15277777777777776,0.4383561643835616,0.9846153846153847,0.28193832599118945,1,163
intersection:baseline_balanced@0.6+thinking_recall@0.1+grouped_event@0.3,,66,0.22,0.8181818181818182,0.1758957654723127,0.289544235924933,0.09585830783531686,0.15277777777777776,0.4383561643835616,0.9846153846153847,0.28193832599118945,1,163
intersection:baseline_balanced@0.6+thinking_recall@0.3+grouped_event@0.1,,66,0.22,0.8181818181818182,0.1758957654723127,0.289544235924933,0.09585830783531686,0.15277777777777776,0.4383561643835616,0.9846153846153847,0.28193832599118945,1,163
intersection:baseline_balanced@0.6+thinking_recall@0.3+grouped_event@0.3,,66,0.22,0.8181818181818182,0.1758957654723127,0.289544235924933,0.09585830783531686,0.15277777777777776,0.4383561643835616,0.9846153846153847,0.28193832599118945,1,163
intersection:thinking_recall@0.1+grouped_event@0.35,,70,0.23333333333333334,0.7428571428571429,0.16938110749185667,0.27586206896551724,0.10906835738757127,0.14888888888888888,0.43537414965986393,0.9552238805970149,0.28193832599118945,3,163
intersection:thinking_recall@0.1+grouped_event@0.6,,70,0.23333333333333334,0.7428571428571429,0.16938110749185667,0.27586206896551724,0.10906835738757127,0.14888888888888888,0.43537414965986393,0.9552238805970149,0.28193832599118945,3,163
intersection:thinking_recall@0.3+grouped_event@0.35,,70,0.23333333333333334,0.7428571428571429,0.16938110749185667,0.27586206896551724,0.10906835738757127,0.14888888888888888,0.43537414965986393,0.9552238805970149,0.28193832599118945,3,163
intersection:thinking_recall@0.3+grouped_event@0.6,,70,0.23333333333333334,0.7428571428571429,0.16938110749185667,0.27586206896551724,0.10906835738757127,0.14888888888888888,0.43537414965986393,0.9552238805970149,0.28193832599118945,3,163
intersection:baseline_balanced@0.1+grouped_event@0.35,,70,0.23333333333333334,0.7428571428571429,0.16938110749185667,0.27586206896551724,0.17172974210922956,0.14555555555555552,0.4406779661016949,0.9558823529411765,0.28634361233480177,3,162
intersection:baseline_balanced@0.1+grouped_event@0.6,,70,0.23333333333333334,0.7428571428571429,0.16938110749185667,0.27586206896551724,0.17172974210922956,0.14555555555555552,0.4406779661016949,0.9558823529411765,0.28634361233480177,3,162
intersection:baseline_balanced@0.3+grouped_event@0.35,,70,0.23333333333333334,0.7428571428571429,0.16938110749185667,0.27586206896551724,0.17172974210922956,0.14555555555555552,0.4406779661016949,0.9558823529411765,0.28634361233480177,3,162
intersection:baseline_balanced@0.3+grouped_event@0.6,,70,0.23333333333333334,0.7428571428571429,0.16938110749185667,0.27586206896551724,0.17172974210922956,0.14555555555555552,0.4406779661016949,0.9558823529411765,0.28634361233480177,3,162
intersection:baseline_balanced@0.35+thinking_recall@0.35+grouped_event@0.1,,59,0.19666666666666666,0.847457627118644,0.16286644951140064,0.273224043715847,0.09439397948084782,0.14055555555555554,0.4,0.9827586206896551,0.2511013215859031,1,170
intersection:baseline_balanced@0.35+thinking_recall@0.35+grouped_event@0.3,,59,0.19666666666666666,0.847457627118644,0.16286644951140064,0.273224043715847,0.09439397948084782,0.14055555555555554,0.4,0.9827586206896551,0.2511013215859031,1,170
intersection:baseline_balanced@0.35+thinking_recall@0.6+grouped_event@0.1,,59,0.19666666666666666,0.847457627118644,0.16286644951140064,0.273224043715847,0.09439397948084782,0.14055555555555554,0.4,0.9827586206896551,0.2511013215859031,1,170
intersection:baseline_balanced@0.35+thinking_recall@0.6+grouped_event@0.3,,59,0.19666666666666666,0.847457627118644,0.16286644951140064,0.273224043715847,0.09439397948084782,0.14055555555555554,0.4,0.9827586206896551,0.2511013215859031,1,170
intersection:baseline_balanced@0.6+thinking_recall@0.35+grouped_event@0.1,,59,0.19666666666666666,0.847457627118644,0.16286644951140064,0.273224043715847,0.09439397948084782,0.14055555555555554,0.4,0.9827586206896551,0.2511013215859031,1,170
intersection:baseline_balanced@0.6+thinking_recall@0.35+grouped_event@0.3,,59,0.19666666666666666,0.847457627118644,0.16286644951140064,0.273224043715847,0.09439397948084782,0.14055555555555554,0.4,0.9827586206896551,0.2511013215859031,1,170
intersection:baseline_balanced@0.6+thinking_recall@0.6+grouped_event@0.1,,59,0.19666666666666666,0.847457627118644,0.16286644951140064,0.273224043715847,0.09439397948084782,0.14055555555555554,0.4,0.9827586206896551,0.2511013215859031,1,170
intersection:baseline_balanced@0.6+thinking_recall@0.6+grouped_event@0.3,,59,0.19666666666666666,0.847457627118644,0.16286644951140064,0.273224043715847,0.09439397948084782,0.14055555555555554,0.4,0.9827586206896551,0.2511013215859031,1,170
intersection:thinking_recall@0.35+grouped_event@0.35,,64,0.21333333333333335,0.75,0.1563517915309446,0.2587601078167116,0.10422821628244198,0.13555555555555554,0.4097222222222222,0.9672131147540983,0.2599118942731278,2,168
intersection:thinking_recall@0.35+grouped_event@0.6,,64,0.21333333333333335,0.75,0.1563517915309446,0.2587601078167116,0.10422821628244198,0.13555555555555554,0.4097222222222222,0.9672131147540983,0.2599118942731278,2,168
intersection:thinking_recall@0.6+grouped_event@0.35,,64,0.21333333333333335,0.75,0.1563517915309446,0.2587601078167116,0.10422821628244198,0.13555555555555554,0.4097222222222222,0.9672131147540983,0.2599118942731278,2,168
intersection:thinking_recall@0.6+grouped_event@0.6,,64,0.21333333333333335,0.75,0.1563517915309446,0.2587601078167116,0.10422821628244198,0.13555555555555554,0.4097222222222222,0.9672131147540983,0.2599118942731278,2,168
max:baseline_balanced+thinking_recall@0.65,0.65,59,0.19666666666666666,0.7966101694915254,0.15309446254071662,0.2568306010928962,0.14857222159477343,0.12833333333333333,0.4014084507042254,1.0,0.2511013215859031,0,170
max:baseline_balanced+thinking_recall@0.7,0.7,59,0.19666666666666666,0.7966101694915254,0.15309446254071662,0.2568306010928962,0.14857222159477343,0.12833333333333333,0.4014084507042254,1.0,0.2511013215859031,0,170
max:baseline_balanced+grouped_event@0.65,0.65,55,0.18333333333333332,0.8181818181818182,0.1465798045602606,0.24861878453038674,0.24697373274578896,0.11877777777777777,0.35507246376811596,1.0,0.21585903083700442,0,178
max:baseline_balanced+grouped_event@0.7,0.7,55,0.18333333333333332,0.8181818181818182,0.1465798045602606,0.24861878453038674,0.24697373274578896,0.11877777777777777,0.35507246376811596,1.0,0.21585903083700442,0,178
max:baseline_balanced+thinking_recall@0.75,0.75,56,0.18666666666666668,0.8035714285714286,0.1465798045602606,0.24793388429752067,0.1373994612874149,0.12333333333333334,0.3900709219858156,1.0,0.2422907488986784,0,172
max:baseline_balanced+thinking_recall@0.8,0.8,56,0.18666666666666668,0.8035714285714286,0.1465798045602606,0.24793388429752067,0.1373994612874149,0.12333333333333334,0.3900709219858156,1.0,0.2422907488986784,0,172
max:baseline_balanced+thinking_recall@0.85,0.85,55,0.18333333333333332,0.8,0.14332247557003258,0.2430939226519337,0.13655912515296112,0.12,0.38434163701067614,1.0,0.23788546255506607,0,173
max:baseline_balanced+thinking_recall@0.9,0.9,55,0.18333333333333332,0.8,0.14332247557003258,0.2430939226519337,0.13655912515296112,0.12,0.38434163701067614,1.0,0.23788546255506607,0,173
max:baseline_balanced+grouped_event@0.75,0.75,52,0.17333333333333334,0.8269230769230769,0.14006514657980457,0.2395543175487465,0.24419400693478846,0.11266666666666665,0.34306569343065696,1.0,0.20704845814977973,0,180
max:baseline_balanced+grouped_event@0.8,0.8,52,0.17333333333333334,0.8269230769230769,0.14006514657980457,0.2395543175487465,0.24419400693478846,0.11266666666666665,0.34306569343065696,1.0,0.20704845814977973,0,180
intersection:baseline_balanced@0.1+thinking_recall@0.1+grouped_event@0.35,,54,0.18,0.7962962962962963,0.14006514657980457,0.23822714681440443,0.09117846512440053,0.125,0.3701067615658363,0.9629629629629629,0.2290748898678414,2,175
intersection:baseline_balanced@0.1+thinking_recall@0.1+grouped_event@0.6,,54,0.18,0.7962962962962963,0.14006514657980457,0.23822714681440443,0.09117846512440053,0.125,0.3701067615658363,0.9629629629629629,0.2290748898678414,2,175
intersection:baseline_balanced@0.1+thinking_recall@0.3+grouped_event@0.35,,54,0.18,0.7962962962962963,0.14006514657980457,0.23822714681440443,0.09117846512440053,0.125,0.3701067615658363,0.9629629629629629,0.2290748898678414,2,175
intersection:baseline_balanced@0.1+thinking_recall@0.3+grouped_event@0.6,,54,0.18,0.7962962962962963,0.14006514657980457,0.23822714681440443,0.09117846512440053,0.125,0.3701067615658363,0.9629629629629629,0.2290748898678414,2,175
intersection:baseline_balanced@0.3+thinking_recall@0.1+grouped_event@0.35,,54,0.18,0.7962962962962963,0.14006514657980457,0.23822714681440443,0.09117846512440053,0.125,0.3701067615658363,0.9629629629629629,0.2290748898678414,2,175
intersection:baseline_balanced@0.3+thinking_recall@0.1+grouped_event@0.6,,54,0.18,0.7962962962962963,0.14006514657980457,0.23822714681440443,0.09117846512440053,0.125,0.3701067615658363,0.9629629629629629,0.2290748898678414,2,175
intersection:baseline_balanced@0.3+thinking_recall@0.3+grouped_event@0.35,,54,0.18,0.7962962962962963,0.14006514657980457,0.23822714681440443,0.09117846512440053,0.125,0.3701067615658363,0.9629629629629629,0.2290748898678414,2,175
intersection:baseline_balanced@0.3+thinking_recall@0.3+grouped_event@0.6,,54,0.18,0.7962962962962963,0.14006514657980457,0.23822714681440443,0.09117846512440053,0.125,0.3701067615658363,0.9629629629629629,0.2290748898678414,2,175
intersection:baseline_balanced@0.35+grouped_event@0.35,,56,0.18666666666666668,0.7678571428571429,0.14006514657980457,0.2369146005509642,0.1536614569168965,0.12166666666666667,0.3829787234042553,0.9818181818181818,0.23788546255506607,1,173
intersection:baseline_balanced@0.35+grouped_event@0.6,,56,0.18666666666666668,0.7678571428571429,0.14006514657980457,0.2369146005509642,0.1536614569168965,0.12166666666666667,0.3829787234042553,0.9818181818181818,0.23788546255506607,1,173
intersection:baseline_balanced@0.6+grouped_event@0.35,,56,0.18666666666666668,0.7678571428571429,0.14006514657980457,0.2369146005509642,0.1536614569168965,0.12166666666666667,0.3829787234042553,0.9818181818181818,0.23788546255506607,1,173
intersection:baseline_balanced@0.6+grouped_event@0.6,,56,0.18666666666666668,0.7678571428571429,0.14006514657980457,0.2369146005509642,0.1536614569168965,0.12166666666666667,0.3829787234042553,0.9818181818181818,0.23788546255506607,1,173
max:baseline_balanced+grouped_event@0.85,0.85,51,0.17,0.8235294117647058,0.13680781758957655,0.2346368715083799,0.24323844076183096,0.10933333333333332,0.336996336996337,1.0,0.2026431718061674,0,181
max:baseline_balanced+grouped_event@0.9,0.9,51,0.17,0.8235294117647058,0.13680781758957655,0.2346368715083799,0.24323844076183096,0.10933333333333332,0.336996336996337,1.0,0.2026431718061674,0,181
thinking_recall@0.65,0.65,48,0.16,0.8333333333333334,0.13029315960912052,0.22535211267605634,0.10440418149856114,0.11111111111111109,0.3490909090909091,1.0,0.21145374449339208,0,179
thinking_recall@0.7,0.7,48,0.16,0.8333333333333334,0.13029315960912052,0.22535211267605634,0.10440418149856114,0.11111111111111109,0.3490909090909091,1.0,0.21145374449339208,0,179
thinking_recall@0.75,0.75,48,0.16,0.8333333333333334,0.13029315960912052,0.22535211267605634,0.10440418149856114,0.11111111111111109,0.3490909090909091,1.0,0.21145374449339208,0,179
thinking_recall@0.8,0.8,48,0.16,0.8333333333333334,0.13029315960912052,0.22535211267605634,0.10440418149856114,0.11111111111111109,0.3490909090909091,1.0,0.21145374449339208,0,179
thinking_recall@0.85,0.85,48,0.16,0.8333333333333334,0.13029315960912052,0.22535211267605634,0.10440418149856114,0.11111111111111109,0.3490909090909091,1.0,0.21145374449339208,0,179
thinking_recall@0.9,0.9,48,0.16,0.8333333333333334,0.13029315960912052,0.22535211267605634,0.10440418149856114,0.11111111111111109,0.3490909090909091,1.0,0.21145374449339208,0,179
intersection:baseline_balanced@0.1+thinking_recall@0.35+grouped_event@0.35,,49,0.16333333333333333,0.7959183673469388,0.1270358306188925,0.21910112359550563,0.08607998755057578,0.11166666666666666,0.34057971014492755,0.9591836734693877,0.20704845814977973,2,180
intersection:baseline_balanced@0.1+thinking_recall@0.35+grouped_event@0.6,,49,0.16333333333333333,0.7959183673469388,0.1270358306188925,0.21910112359550563,0.08607998755057578,0.11166666666666666,0.34057971014492755,0.9591836734693877,0.20704845814977973,2,180
intersection:baseline_balanced@0.1+thinking_recall@0.6+grouped_event@0.35,,49,0.16333333333333333,0.7959183673469388,0.1270358306188925,0.21910112359550563,0.08607998755057578,0.11166666666666666,0.34057971014492755,0.9591836734693877,0.20704845814977973,2,180
intersection:baseline_balanced@0.1+thinking_recall@0.6+grouped_event@0.6,,49,0.16333333333333333,0.7959183673469388,0.1270358306188925,0.21910112359550563,0.08607998755057578,0.11166666666666666,0.34057971014492755,0.9591836734693877,0.20704845814977973,2,180
intersection:baseline_balanced@0.3+thinking_recall@0.35+grouped_event@0.35,,49,0.16333333333333333,0.7959183673469388,0.1270358306188925,0.21910112359550563,0.08607998755057578,0.11166666666666666,0.34057971014492755,0.9591836734693877,0.20704845814977973,2,180
intersection:baseline_balanced@0.3+thinking_recall@0.35+grouped_event@0.6,,49,0.16333333333333333,0.7959183673469388,0.1270358306188925,0.21910112359550563,0.08607998755057578,0.11166666666666666,0.34057971014492755,0.9591836734693877,0.20704845814977973,2,180
intersection:baseline_balanced@0.3+thinking_recall@0.6+grouped_event@0.35,,49,0.16333333333333333,0.7959183673469388,0.1270358306188925,0.21910112359550563,0.08607998755057578,0.11166666666666666,0.34057971014492755,0.9591836734693877,0.20704845814977973,2,180
intersection:baseline_balanced@0.3+thinking_recall@0.6+grouped_event@0.6,,49,0.16333333333333333,0.7959183673469388,0.1270358306188925,0.21910112359550563,0.08607998755057578,0.11166666666666666,0.34057971014492755,0.9591836734693877,0.20704845814977973,2,180
intersection:baseline_balanced@0.35+thinking_recall@0.1+grouped_event@0.35,,45,0.15,0.8222222222222222,0.12052117263843648,0.21022727272727273,0.07518763524419234,0.10833333333333334,0.3235294117647059,0.9777777777777777,0.19383259911894274,1,183
intersection:baseline_balanced@0.35+thinking_recall@0.1+grouped_event@0.6,,45,0.15,0.8222222222222222,0.12052117263843648,0.21022727272727273,0.07518763524419234,0.10833333333333334,0.3235294117647059,0.9777777777777777,0.19383259911894274,1,183
intersection:baseline_balanced@0.35+thinking_recall@0.3+grouped_event@0.35,,45,0.15,0.8222222222222222,0.12052117263843648,0.21022727272727273,0.07518763524419234,0.10833333333333334,0.3235294117647059,0.9777777777777777,0.19383259911894274,1,183
intersection:baseline_balanced@0.35+thinking_recall@0.3+grouped_event@0.6,,45,0.15,0.8222222222222222,0.12052117263843648,0.21022727272727273,0.07518763524419234,0.10833333333333334,0.3235294117647059,0.9777777777777777,0.19383259911894274,1,183
intersection:baseline_balanced@0.6+thinking_recall@0.1+grouped_event@0.35,,45,0.15,0.8222222222222222,0.12052117263843648,0.21022727272727273,0.07518763524419234,0.10833333333333334,0.3235294117647059,0.9777777777777777,0.19383259911894274,1,183
intersection:baseline_balanced@0.6+thinking_recall@0.1+grouped_event@0.6,,45,0.15,0.8222222222222222,0.12052117263843648,0.21022727272727273,0.07518763524419234,0.10833333333333334,0.3235294117647059,0.9777777777777777,0.19383259911894274,1,183
intersection:baseline_balanced@0.6+thinking_recall@0.3+grouped_event@0.35,,45,0.15,0.8222222222222222,0.12052117263843648,0.21022727272727273,0.07518763524419234,0.10833333333333334,0.3235294117647059,0.9777777777777777,0.19383259911894274,1,183
intersection:baseline_balanced@0.6+thinking_recall@0.3+grouped_event@0.6,,45,0.15,0.8222222222222222,0.12052117263843648,0.21022727272727273,0.07518763524419234,0.10833333333333334,0.3235294117647059,0.9777777777777777,0.19383259911894274,1,183
intersection:baseline_balanced@0.35+thinking_recall@0.35+grouped_event@0.35,,42,0.14,0.8333333333333334,0.11400651465798045,0.20057306590257878,0.07353603938969792,0.10166666666666666,0.3048327137546468,0.9761904761904762,0.18061674008810572,1,186
intersection:baseline_balanced@0.35+thinking_recall@0.35+grouped_event@0.6,,42,0.14,0.8333333333333334,0.11400651465798045,0.20057306590257878,0.07353603938969792,0.10166666666666666,0.3048327137546468,0.9761904761904762,0.18061674008810572,1,186
intersection:baseline_balanced@0.35+thinking_recall@0.6+grouped_event@0.35,,42,0.14,0.8333333333333334,0.11400651465798045,0.20057306590257878,0.07353603938969792,0.10166666666666666,0.3048327137546468,0.9761904761904762,0.18061674008810572,1,186
intersection:baseline_balanced@0.35+thinking_recall@0.6+grouped_event@0.6,,42,0.14,0.8333333333333334,0.11400651465798045,0.20057306590257878,0.07353603938969792,0.10166666666666666,0.3048327137546468,0.9761904761904762,0.18061674008810572,1,186
intersection:baseline_balanced@0.6+thinking_recall@0.35+grouped_event@0.35,,42,0.14,0.8333333333333334,0.11400651465798045,0.20057306590257878,0.07353603938969792,0.10166666666666666,0.3048327137546468,0.9761904761904762,0.18061674008810572,1,186
intersection:baseline_balanced@0.6+thinking_recall@0.35+grouped_event@0.6,,42,0.14,0.8333333333333334,0.11400651465798045,0.20057306590257878,0.07353603938969792,0.10166666666666666,0.3048327137546468,0.9761904761904762,0.18061674008810572,1,186
intersection:baseline_balanced@0.6+thinking_recall@0.6+grouped_event@0.35,,42,0.14,0.8333333333333334,0.11400651465798045,0.20057306590257878,0.07353603938969792,0.10166666666666666,0.3048327137546468,0.9761904761904762,0.18061674008810572,1,186
intersection:baseline_balanced@0.6+thinking_recall@0.6+grouped_event@0.6,,42,0.14,0.8333333333333334,0.11400651465798045,0.20057306590257878,0.07353603938969792,0.10166666666666666,0.3048327137546468,0.9761904761904762,0.18061674008810572,1,186
grouped_event@0.65,0.65,36,0.12,0.8333333333333334,0.09771986970684039,0.1749271137026239,0.21888136018570797,0.07833333333333334,0.25384615384615383,1.0,0.14537444933920704,0,194
grouped_event@0.7,0.7,36,0.12,0.8333333333333334,0.09771986970684039,0.1749271137026239,0.21888136018570797,0.07833333333333334,0.25384615384615383,1.0,0.14537444933920704,0,194
grouped_event@0.75,0.75,36,0.12,0.8333333333333334,0.09771986970684039,0.1749271137026239,0.21888136018570797,0.07833333333333334,0.25384615384615383,1.0,0.14537444933920704,0,194
grouped_event@0.8,0.8,36,0.12,0.8333333333333334,0.09771986970684039,0.1749271137026239,0.21888136018570797,0.07833333333333334,0.25384615384615383,1.0,0.14537444933920704,0,194
grouped_event@0.85,0.85,36,0.12,0.8333333333333334,0.09771986970684039,0.1749271137026239,0.21888136018570797,0.07833333333333334,0.25384615384615383,1.0,0.14537444933920704,0,194
grouped_event@0.9,0.9,36,0.12,0.8333333333333334,0.09771986970684039,0.1749271137026239,0.21888136018570797,0.07833333333333334,0.25384615384615383,1.0,0.14537444933920704,0,194
baseline_balanced@0.65,0.65,32,0.10666666666666667,0.8125,0.08469055374592833,0.15339233038348082,0.0928904491853452,0.07055555555555555,0.24031007751937986,1.0,0.13656387665198239,0,196
baseline_balanced@0.7,0.7,32,0.10666666666666667,0.8125,0.08469055374592833,0.15339233038348082,0.0928904491853452,0.07055555555555555,0.24031007751937986,1.0,0.13656387665198239,0,196
baseline_balanced@0.75,0.75,28,0.09333333333333334,0.8214285714285714,0.0749185667752443,0.1373134328358209,0.07560825647782168,0.062222222222222213,0.2196078431372549,1.0,0.12334801762114538,0,199
baseline_balanced@0.8,0.8,28,0.09333333333333334,0.8214285714285714,0.0749185667752443,0.1373134328358209,0.07560825647782168,0.062222222222222213,0.2196078431372549,1.0,0.12334801762114538,0,199
baseline_balanced@0.85,0.85,27,0.09,0.8148148148148148,0.07166123778501629,0.1317365269461078,0.07464240310922234,0.05888888888888888,0.2125984251968504,1.0,0.11894273127753303,0,200
baseline_balanced@0.9,0.9,27,0.09,0.8148148148148148,0.07166123778501629,0.1317365269461078,0.07464240310922234,0.05888888888888888,0.2125984251968504,1.0,0.11894273127753303,0,200
max:baseline_balanced+thinking_recall+grouped_event@0.95,0.95,9,0.03,0.8888888888888888,0.026058631921824105,0.05063291139240506,0.0622402715884088,0.02,0.06808510638297872,1.0,0.03524229074889868,0,219
max:baseline_balanced+thinking_recall@0.95,0.95,7,0.023333333333333334,0.8571428571428571,0.019543973941368076,0.03821656050955414,0.012073047508141248,0.016666666666666666,0.05982905982905983,1.0,0.030837004405286344,0,220
max:thinking_recall+grouped_event@0.95,0.95,5,0.016666666666666666,1.0,0.016286644951140065,0.03205128205128205,0.05852685791448803,0.009999999999999998,0.03463203463203463,1.0,0.01762114537444934,0,223
max:baseline_balanced+grouped_event@0.95,0.95,6,0.02,0.8333333333333334,0.016286644951140065,0.03194888178913738,0.05400999966217356,0.014444444444444444,0.05150214592274678,1.0,0.02643171806167401,0,221
thinking_recall@0.95,0.95,3,0.01,1.0,0.009771986970684038,0.01935483870967742,0.008359633834220484,0.006666666666666667,0.02608695652173913,1.0,0.013215859030837005,0,224
baseline_balanced@0.95,0.95,4,0.013333333333333334,0.75,0.009771986970684038,0.01929260450160772,0.0038427755819060165,0.01,0.03463203463203463,1.0,0.01762114537444934,0,223
grouped_event@0.95,0.95,2,0.006666666666666667,1.0,0.006514657980456026,0.012944983818770227,0.05016722408026755,0.0044444444444444444,0.017467248908296942,1.0,0.00881057268722467,0,225
