name,pairs,precision,recall,f1,macro_supported,sample_f1_empty_correct,any_f1,false_relevant,missed_all
union:baseline_balanced@0.35+thinking_recall@0.35+grouped_event@0.35,295,0.5491525423728814,0.5276872964169381,0.5382059800664452,0.36326220472656173,0.5632142857142857,0.829736211031175,17,54
union:baseline_balanced@0.35+thinking_recall@0.35+grouped_event@0.6,295,0.5491525423728814,0.5276872964169381,0.5382059800664452,0.36326220472656173,0.5632142857142857,0.829736211031175,17,54
union:baseline_balanced@0.35+thinking_recall@0.6+grouped_event@0.35,295,0.5491525423728814,0.5276872964169381,0.5382059800664452,0.36326220472656173,0.5632142857142857,0.829736211031175,17,54
union:baseline_balanced@0.35+thinking_recall@0.6+grouped_event@0.6,295,0.5491525423728814,0.5276872964169381,0.5382059800664452,0.36326220472656173,0.5632142857142857,0.829736211031175,17,54
union:baseline_balanced@0.6+thinking_recall@0.35+grouped_event@0.35,295,0.5491525423728814,0.5276872964169381,0.5382059800664452,0.36326220472656173,0.5632142857142857,0.829736211031175,17,54
union:baseline_balanced@0.6+thinking_recall@0.35+grouped_event@0.6,295,0.5491525423728814,0.5276872964169381,0.5382059800664452,0.36326220472656173,0.5632142857142857,0.829736211031175,17,54
union:baseline_balanced@0.6+thinking_recall@0.6+grouped_event@0.35,295,0.5491525423728814,0.5276872964169381,0.5382059800664452,0.36326220472656173,0.5632142857142857,0.829736211031175,17,54
union:baseline_balanced@0.6+thinking_recall@0.6+grouped_event@0.6,295,0.5491525423728814,0.5276872964169381,0.5382059800664452,0.36326220472656173,0.5632142857142857,0.829736211031175,17,54
union:baseline_balanced@0.35+thinking_recall@0.35,208,0.6634615384615384,0.4495114006514658,0.5359223300970873,0.27589097903958676,0.5628888888888889,0.8089330024813896,13,64
union:baseline_balanced@0.35+thinking_recall@0.6,208,0.6634615384615384,0.4495114006514658,0.5359223300970873,0.27589097903958676,0.5628888888888889,0.8089330024813896,13,64
union:baseline_balanced@0.6+thinking_recall@0.35,208,0.6634615384615384,0.4495114006514658,0.5359223300970873,0.27589097903958676,0.5628888888888889,0.8089330024813896,13,64
union:baseline_balanced@0.6+thinking_recall@0.6,208,0.6634615384615384,0.4495114006514658,0.5359223300970873,0.27589097903958676,0.5628888888888889,0.8089330024813896,13,64
union:baseline_balanced@0.1+thinking_recall@0.35,292,0.5445205479452054,0.5179153094462541,0.5308848080133556,0.26412336867194985,0.5524444444444444,0.8831168831168831,31,23
union:baseline_balanced@0.1+thinking_recall@0.6,292,0.5445205479452054,0.5179153094462541,0.5308848080133556,0.26412336867194985,0.5524444444444444,0.8831168831168831,31,23
union:baseline_balanced@0.3+thinking_recall@0.35,292,0.5445205479452054,0.5179153094462541,0.5308848080133556,0.26412336867194985,0.5524444444444444,0.8831168831168831,31,23
union:baseline_balanced@0.3+thinking_recall@0.6,292,0.5445205479452054,0.5179153094462541,0.5308848080133556,0.26412336867194985,0.5524444444444444,0.8831168831168831,31,23
union:baseline_balanced@0.1+thinking_recall@0.35+grouped_event@0.35,372,0.478494623655914,0.5798045602605864,0.524300441826215,0.3507804395866578,0.541547619047619,0.8846153846153846,34,20
union:baseline_balanced@0.1+thinking_recall@0.35+grouped_event@0.6,372,0.478494623655914,0.5798045602605864,0.524300441826215,0.3507804395866578,0.541547619047619,0.8846153846153846,34,20
union:baseline_balanced@0.1+thinking_recall@0.6+grouped_event@0.35,372,0.478494623655914,0.5798045602605864,0.524300441826215,0.3507804395866578,0.541547619047619,0.8846153846153846,34,20
union:baseline_balanced@0.1+thinking_recall@0.6+grouped_event@0.6,372,0.478494623655914,0.5798045602605864,0.524300441826215,0.3507804395866578,0.541547619047619,0.8846153846153846,34,20
union:baseline_balanced@0.3+thinking_recall@0.35+grouped_event@0.35,372,0.478494623655914,0.5798045602605864,0.524300441826215,0.3507804395866578,0.541547619047619,0.8846153846153846,34,20
union:baseline_balanced@0.3+thinking_recall@0.35+grouped_event@0.6,372,0.478494623655914,0.5798045602605864,0.524300441826215,0.3507804395866578,0.541547619047619,0.8846153846153846,34,20
union:baseline_balanced@0.3+thinking_recall@0.6+grouped_event@0.35,372,0.478494623655914,0.5798045602605864,0.524300441826215,0.3507804395866578,0.541547619047619,0.8846153846153846,34,20
union:baseline_balanced@0.3+thinking_recall@0.6+grouped_event@0.6,372,0.478494623655914,0.5798045602605864,0.524300441826215,0.3507804395866578,0.541547619047619,0.8846153846153846,34,20
union:baseline_balanced@0.35+thinking_recall@0.1+grouped_event@0.35,370,0.4783783783783784,0.5765472312703583,0.5228951255539144,0.35442953494677354,0.5148809523809524,0.8801652892561983,44,14
union:baseline_balanced@0.35+thinking_recall@0.1+grouped_event@0.6,370,0.4783783783783784,0.5765472312703583,0.5228951255539144,0.35442953494677354,0.5148809523809524,0.8801652892561983,44,14
union:baseline_balanced@0.35+thinking_recall@0.3+grouped_event@0.35,370,0.4783783783783784,0.5765472312703583,0.5228951255539144,0.35442953494677354,0.5148809523809524,0.8801652892561983,44,14
union:baseline_balanced@0.35+thinking_recall@0.3+grouped_event@0.6,370,0.4783783783783784,0.5765472312703583,0.5228951255539144,0.35442953494677354,0.5148809523809524,0.8801652892561983,44,14
union:baseline_balanced@0.6+thinking_recall@0.1+grouped_event@0.35,370,0.4783783783783784,0.5765472312703583,0.5228951255539144,0.35442953494677354,0.5148809523809524,0.8801652892561983,44,14
union:baseline_balanced@0.6+thinking_recall@0.1+grouped_event@0.6,370,0.4783783783783784,0.5765472312703583,0.5228951255539144,0.35442953494677354,0.5148809523809524,0.8801652892561983,44,14
union:baseline_balanced@0.6+thinking_recall@0.3+grouped_event@0.35,370,0.4783783783783784,0.5765472312703583,0.5228951255539144,0.35442953494677354,0.5148809523809524,0.8801652892561983,44,14
union:baseline_balanced@0.6+thinking_recall@0.3+grouped_event@0.6,370,0.4783783783783784,0.5765472312703583,0.5228951255539144,0.35442953494677354,0.5148809523809524,0.8801652892561983,44,14
union:baseline_balanced@0.35+thinking_recall@0.1,286,0.541958041958042,0.504885993485342,0.5227655986509275,0.26300526990560014,0.5178888888888888,0.8744769874476988,42,18
union:baseline_balanced@0.35+thinking_recall@0.3,286,0.541958041958042,0.504885993485342,0.5227655986509275,0.26300526990560014,0.5178888888888888,0.8744769874476988,42,18
union:baseline_balanced@0.6+thinking_recall@0.1,286,0.541958041958042,0.504885993485342,0.5227655986509275,0.26300526990560014,0.5178888888888888,0.8744769874476988,42,18
union:baseline_balanced@0.6+thinking_recall@0.3,286,0.541958041958042,0.504885993485342,0.5227655986509275,0.26300526990560014,0.5178888888888888,0.8744769874476988,42,18
union:baseline_balanced@0.1+thinking_recall@0.1,337,0.49258160237388726,0.5407166123778502,0.515527950310559,0.25850310195584203,0.5024444444444444,0.8853118712273642,50,7
union:baseline_balanced@0.1+thinking_recall@0.3,337,0.49258160237388726,0.5407166123778502,0.515527950310559,0.25850310195584203,0.5024444444444444,0.8853118712273642,50,7
union:baseline_balanced@0.3+thinking_recall@0.1,337,0.49258160237388726,0.5407166123778502,0.515527950310559,0.25850310195584203,0.5024444444444444,0.8853118712273642,50,7
union:baseline_balanced@0.3+thinking_recall@0.3,337,0.49258160237388726,0.5407166123778502,0.515527950310559,0.25850310195584203,0.5024444444444444,0.8853118712273642,50,7
union:baseline_balanced@0.1+thinking_recall@0.1+grouped_event@0.35,416,0.44471153846153844,0.6026058631921825,0.5117565698478561,0.3469056831434111,0.4969920634920635,0.888,51,5
union:baseline_balanced@0.1+thinking_recall@0.1+grouped_event@0.6,416,0.44471153846153844,0.6026058631921825,0.5117565698478561,0.3469056831434111,0.4969920634920635,0.888,51,5
union:baseline_balanced@0.1+thinking_recall@0.3+grouped_event@0.35,416,0.44471153846153844,0.6026058631921825,0.5117565698478561,0.3469056831434111,0.4969920634920635,0.888,51,5
union:baseline_balanced@0.1+thinking_recall@0.3+grouped_event@0.6,416,0.44471153846153844,0.6026058631921825,0.5117565698478561,0.3469056831434111,0.4969920634920635,0.888,51,5
union:baseline_balanced@0.3+thinking_recall@0.1+grouped_event@0.35,416,0.44471153846153844,0.6026058631921825,0.5117565698478561,0.3469056831434111,0.4969920634920635,0.888,51,5
union:baseline_balanced@0.3+thinking_recall@0.1+grouped_event@0.6,416,0.44471153846153844,0.6026058631921825,0.5117565698478561,0.3469056831434111,0.4969920634920635,0.888,51,5
union:baseline_balanced@0.3+thinking_recall@0.3+grouped_event@0.35,416,0.44471153846153844,0.6026058631921825,0.5117565698478561,0.3469056831434111,0.4969920634920635,0.888,51,5
union:baseline_balanced@0.3+thinking_recall@0.3+grouped_event@0.6,416,0.44471153846153844,0.6026058631921825,0.5117565698478561,0.3469056831434111,0.4969920634920635,0.888,51,5
union:thinking_recall@0.35+grouped_event@0.35,269,0.5390334572490706,0.4723127035830619,0.5034722222222222,0.3452495730976216,0.534531746031746,0.8029556650246306,16,64
union:thinking_recall@0.35+grouped_event@0.6,269,0.5390334572490706,0.4723127035830619,0.5034722222222222,0.3452495730976216,0.534531746031746,0.8029556650246306,16,64
union:thinking_recall@0.6+grouped_event@0.35,269,0.5390334572490706,0.4723127035830619,0.5034722222222222,0.3452495730976216,0.534531746031746,0.8029556650246306,16,64
union:thinking_recall@0.6+grouped_event@0.6,269,0.5390334572490706,0.4723127035830619,0.5034722222222222,0.3452495730976216,0.534531746031746,0.8029556650246306,16,64
union:baseline_balanced@0.1+grouped_event@0.35,331,0.48338368580060426,0.5211726384364821,0.5015673981191222,0.3363067965310287,0.5247222222222223,0.8703296703296703,30,29
union:baseline_balanced@0.1+grouped_event@0.6,331,0.48338368580060426,0.5211726384364821,0.5015673981191222,0.3363067965310287,0.5247222222222223,0.8703296703296703,30,29
union:baseline_balanced@0.3+grouped_event@0.35,331,0.48338368580060426,0.5211726384364821,0.5015673981191222,0.3363067965310287,0.5247222222222223,0.8703296703296703,30,29
union:baseline_balanced@0.3+grouped_event@0.6,331,0.48338368580060426,0.5211726384364821,0.5015673981191222,0.3363067965310287,0.5247222222222223,0.8703296703296703,30,29
union:thinking_recall@0.1+grouped_event@0.35,348,0.46551724137931033,0.5276872964169381,0.4946564885496183,0.3369055491680417,0.49064285714285716,0.8679245283018868,43,20
union:thinking_recall@0.1+grouped_event@0.6,348,0.46551724137931033,0.5276872964169381,0.4946564885496183,0.3369055491680417,0.49064285714285716,0.8679245283018868,43,20
union:thinking_recall@0.3+grouped_event@0.35,348,0.46551724137931033,0.5276872964169381,0.4946564885496183,0.3369055491680417,0.49064285714285716,0.8679245283018868,43,20
union:thinking_recall@0.3+grouped_event@0.6,348,0.46551724137931033,0.5276872964169381,0.4946564885496183,0.3369055491680417,0.49064285714285716,0.8679245283018868,43,20
union:baseline_balanced@0.35+grouped_event@0.35,234,0.5683760683760684,0.43322475570032576,0.49168207024029575,0.341316581858319,0.5291666666666667,0.7611548556430446,9,82
union:baseline_balanced@0.35+grouped_event@0.6,234,0.5683760683760684,0.43322475570032576,0.49168207024029575,0.341316581858319,0.5291666666666667,0.7611548556430446,9,82
union:baseline_balanced@0.6+grouped_event@0.35,234,0.5683760683760684,0.43322475570032576,0.49168207024029575,0.341316581858319,0.5291666666666667,0.7611548556430446,9,82
union:baseline_balanced@0.6+grouped_event@0.6,234,0.5683760683760684,0.43322475570032576,0.49168207024029575,0.341316581858319,0.5291666666666667,0.7611548556430446,9,82
baseline_balanced@0.05,236,0.559322033898305,0.42996742671009774,0.4861878453038674,0.24686306757077944,0.5118888888888888,0.8454545454545455,27,41
baseline_balanced@0.1,236,0.559322033898305,0.42996742671009774,0.4861878453038674,0.24686306757077944,0.5118888888888888,0.8454545454545455,27,41
baseline_balanced@0.15,236,0.559322033898305,0.42996742671009774,0.4861878453038674,0.24686306757077944,0.5118888888888888,0.8454545454545455,27,41
baseline_balanced@0.2,236,0.559322033898305,0.42996742671009774,0.4861878453038674,0.24686306757077944,0.5118888888888888,0.8454545454545455,27,41
baseline_balanced@0.25,236,0.559322033898305,0.42996742671009774,0.4861878453038674,0.24686306757077944,0.5118888888888888,0.8454545454545455,27,41
baseline_balanced@0.3,236,0.559322033898305,0.42996742671009774,0.4861878453038674,0.24686306757077944,0.5118888888888888,0.8454545454545455,27,41
thinking_recall@0.05,253,0.5296442687747036,0.4364820846905538,0.4785714285714286,0.17976897244631798,0.4858888888888888,0.8522483940042827,41,28
thinking_recall@0.1,253,0.5296442687747036,0.4364820846905538,0.4785714285714286,0.17976897244631798,0.4858888888888888,0.8522483940042827,41,28
thinking_recall@0.15,253,0.5296442687747036,0.4364820846905538,0.4785714285714286,0.17976897244631798,0.4858888888888888,0.8522483940042827,41,28
thinking_recall@0.2,253,0.5296442687747036,0.4364820846905538,0.4785714285714286,0.17976897244631798,0.4858888888888888,0.8522483940042827,41,28
thinking_recall@0.25,253,0.5296442687747036,0.4364820846905538,0.4785714285714286,0.17976897244631798,0.4858888888888888,0.8522483940042827,41,28
thinking_recall@0.3,253,0.5296442687747036,0.4364820846905538,0.4785714285714286,0.17976897244631798,0.4858888888888888,0.8522483940042827,41,28
thinking_recall@0.35,168,0.6726190476190477,0.36807817589576547,0.47578947368421054,0.18965939528471823,0.5186666666666666,0.7552083333333334,12,82
thinking_recall@0.4,168,0.6726190476190477,0.36807817589576547,0.47578947368421054,0.18965939528471823,0.5186666666666666,0.7552083333333334,12,82
thinking_recall@0.45,168,0.6726190476190477,0.36807817589576547,0.47578947368421054,0.18965939528471823,0.5186666666666666,0.7552083333333334,12,82
thinking_recall@0.5,168,0.6726190476190477,0.36807817589576547,0.47578947368421054,0.18965939528471823,0.5186666666666666,0.7552083333333334,12,82
thinking_recall@0.55,168,0.6726190476190477,0.36807817589576547,0.47578947368421054,0.18965939528471823,0.5186666666666666,0.7552083333333334,12,82
thinking_recall@0.6,168,0.6726190476190477,0.36807817589576547,0.47578947368421054,0.18965939528471823,0.5186666666666666,0.7552083333333334,12,82
baseline_balanced@0.35,125,0.768,0.3127035830618892,0.4444444444444444,0.2396220090821884,0.49611111111111106,0.6647398843930635,4,112
baseline_balanced@0.4,125,0.768,0.3127035830618892,0.4444444444444444,0.2396220090821884,0.49611111111111106,0.6647398843930635,4,112
baseline_balanced@0.45,125,0.768,0.3127035830618892,0.4444444444444444,0.2396220090821884,0.49611111111111106,0.6647398843930635,4,112
baseline_balanced@0.5,125,0.768,0.3127035830618892,0.4444444444444444,0.2396220090821884,0.49611111111111106,0.6647398843930635,4,112
baseline_balanced@0.55,125,0.768,0.3127035830618892,0.4444444444444444,0.2396220090821884,0.49611111111111106,0.6647398843930635,4,112
baseline_balanced@0.6,125,0.768,0.3127035830618892,0.4444444444444444,0.2396220090821884,0.49611111111111106,0.6647398843930635,4,112
union:baseline_balanced@0.1+thinking_recall@0.35+grouped_event@0.1,756,0.2791005291005291,0.6872964169381107,0.3969896519285042,0.29262499958724214,0.4256565656565656,0.874251497005988,55,8
union:baseline_balanced@0.1+thinking_recall@0.35+grouped_event@0.3,756,0.2791005291005291,0.6872964169381107,0.3969896519285042,0.29262499958724214,0.4256565656565656,0.874251497005988,55,8
union:baseline_balanced@0.1+thinking_recall@0.6+grouped_event@0.1,756,0.2791005291005291,0.6872964169381107,0.3969896519285042,0.29262499958724214,0.4256565656565656,0.874251497005988,55,8
union:baseline_balanced@0.1+thinking_recall@0.6+grouped_event@0.3,756,0.2791005291005291,0.6872964169381107,0.3969896519285042,0.29262499958724214,0.4256565656565656,0.874251497005988,55,8
union:baseline_balanced@0.3+thinking_recall@0.35+grouped_event@0.1,756,0.2791005291005291,0.6872964169381107,0.3969896519285042,0.29262499958724214,0.4256565656565656,0.874251497005988,55,8
union:baseline_balanced@0.3+thinking_recall@0.35+grouped_event@0.3,756,0.2791005291005291,0.6872964169381107,0.3969896519285042,0.29262499958724214,0.4256565656565656,0.874251497005988,55,8
union:baseline_balanced@0.3+thinking_recall@0.6+grouped_event@0.1,756,0.2791005291005291,0.6872964169381107,0.3969896519285042,0.29262499958724214,0.4256565656565656,0.874251497005988,55,8
union:baseline_balanced@0.3+thinking_recall@0.6+grouped_event@0.3,756,0.2791005291005291,0.6872964169381107,0.3969896519285042,0.29262499958724214,0.4256565656565656,0.874251497005988,55,8
union:baseline_balanced@0.35+thinking_recall@0.1+grouped_event@0.1,752,0.27925531914893614,0.6840390879478827,0.39660056657223797,0.2934631349348274,0.4091190476190476,0.8656126482213439,60,8
union:baseline_balanced@0.35+thinking_recall@0.1+grouped_event@0.3,752,0.27925531914893614,0.6840390879478827,0.39660056657223797,0.2934631349348274,0.4091190476190476,0.8656126482213439,60,8
union:baseline_balanced@0.35+thinking_recall@0.3+grouped_event@0.1,752,0.27925531914893614,0.6840390879478827,0.39660056657223797,0.2934631349348274,0.4091190476190476,0.8656126482213439,60,8
union:baseline_balanced@0.35+thinking_recall@0.3+grouped_event@0.3,752,0.27925531914893614,0.6840390879478827,0.39660056657223797,0.2934631349348274,0.4091190476190476,0.8656126482213439,60,8
union:baseline_balanced@0.6+thinking_recall@0.1+grouped_event@0.1,752,0.27925531914893614,0.6840390879478827,0.39660056657223797,0.2934631349348274,0.4091190476190476,0.8656126482213439,60,8
union:baseline_balanced@0.6+thinking_recall@0.1+grouped_event@0.3,752,0.27925531914893614,0.6840390879478827,0.39660056657223797,0.2934631349348274,0.4091190476190476,0.8656126482213439,60,8
union:baseline_balanced@0.6+thinking_recall@0.3+grouped_event@0.1,752,0.27925531914893614,0.6840390879478827,0.39660056657223797,0.2934631349348274,0.4091190476190476,0.8656126482213439,60,8
union:baseline_balanced@0.6+thinking_recall@0.3+grouped_event@0.3,752,0.27925531914893614,0.6840390879478827,0.39660056657223797,0.2934631349348274,0.4091190476190476,0.8656126482213439,60,8
union:baseline_balanced@0.1+grouped_event@0.1,731,0.280437756497948,0.6677524429967426,0.394990366088632,0.2892254932662242,0.4253258778258779,0.8714859437751004,54,10
union:baseline_balanced@0.1+grouped_event@0.3,731,0.280437756497948,0.6677524429967426,0.394990366088632,0.2892254932662242,0.4253258778258779,0.8714859437751004,54,10
union:baseline_balanced@0.3+grouped_event@0.1,731,0.280437756497948,0.6677524429967426,0.394990366088632,0.2892254932662242,0.4253258778258779,0.8714859437751004,54,10
union:baseline_balanced@0.3+grouped_event@0.3,731,0.280437756497948,0.6677524429967426,0.394990366088632,0.2892254932662242,0.4253258778258779,0.8714859437751004,54,10
union:baseline_balanced@0.1+thinking_recall@0.1+grouped_event@0.1,785,0.27388535031847133,0.7003257328990228,0.39377289377289376,0.2913584040775294,0.40388672438672435,0.8693957115009746,63,4
union:baseline_balanced@0.1+thinking_recall@0.1+grouped_event@0.3,785,0.27388535031847133,0.7003257328990228,0.39377289377289376,0.2913584040775294,0.40388672438672435,0.8693957115009746,63,4
union:baseline_balanced@0.1+thinking_recall@0.3+grouped_event@0.1,785,0.27388535031847133,0.7003257328990228,0.39377289377289376,0.2913584040775294,0.40388672438672435,0.8693957115009746,63,4
union:baseline_balanced@0.1+thinking_recall@0.3+grouped_event@0.3,785,0.27388535031847133,0.7003257328990228,0.39377289377289376,0.2913584040775294,0.40388672438672435,0.8693957115009746,63,4
union:baseline_balanced@0.3+thinking_recall@0.1+grouped_event@0.1,785,0.27388535031847133,0.7003257328990228,0.39377289377289376,0.2913584040775294,0.40388672438672435,0.8693957115009746,63,4
union:baseline_balanced@0.3+thinking_recall@0.1+grouped_event@0.3,785,0.27388535031847133,0.7003257328990228,0.39377289377289376,0.2913584040775294,0.40388672438672435,0.8693957115009746,63,4
union:baseline_balanced@0.3+thinking_recall@0.3+grouped_event@0.1,785,0.27388535031847133,0.7003257328990228,0.39377289377289376,0.2913584040775294,0.40388672438672435,0.8693957115009746,63,4
union:baseline_balanced@0.3+thinking_recall@0.3+grouped_event@0.3,785,0.27388535031847133,0.7003257328990228,0.39377289377289376,0.2913584040775294,0.40388672438672435,0.8693957115009746,63,4
union:baseline_balanced@0.35+thinking_recall@0.35+grouped_event@0.1,711,0.2812939521800281,0.6514657980456026,0.3929273084479371,0.29274824313959635,0.42484126984126985,0.8647540983606558,50,16
union:baseline_balanced@0.35+thinking_recall@0.35+grouped_event@0.3,711,0.2812939521800281,0.6514657980456026,0.3929273084479371,0.29274824313959635,0.42484126984126985,0.8647540983606558,50,16
union:baseline_balanced@0.35+thinking_recall@0.6+grouped_event@0.1,711,0.2812939521800281,0.6514657980456026,0.3929273084479371,0.29274824313959635,0.42484126984126985,0.8647540983606558,50,16
union:baseline_balanced@0.35+thinking_recall@0.6+grouped_event@0.3,711,0.2812939521800281,0.6514657980456026,0.3929273084479371,0.29274824313959635,0.42484126984126985,0.8647540983606558,50,16
union:baseline_balanced@0.6+thinking_recall@0.35+grouped_event@0.1,711,0.2812939521800281,0.6514657980456026,0.3929273084479371,0.29274824313959635,0.42484126984126985,0.8647540983606558,50,16
union:baseline_balanced@0.6+thinking_recall@0.35+grouped_event@0.3,711,0.2812939521800281,0.6514657980456026,0.3929273084479371,0.29274824313959635,0.42484126984126985,0.8647540983606558,50,16
union:baseline_balanced@0.6+thinking_recall@0.6+grouped_event@0.1,711,0.2812939521800281,0.6514657980456026,0.3929273084479371,0.29274824313959635,0.42484126984126985,0.8647540983606558,50,16
union:baseline_balanced@0.6+thinking_recall@0.6+grouped_event@0.3,711,0.2812939521800281,0.6514657980456026,0.3929273084479371,0.29274824313959635,0.42484126984126985,0.8647540983606558,50,16
union:thinking_recall@0.1+grouped_event@0.1,738,0.27100271002710025,0.6514657980456026,0.3827751196172249,0.28773652920195475,0.39616666666666667,0.8650793650793651,59,9
union:thinking_recall@0.1+grouped_event@0.3,738,0.27100271002710025,0.6514657980456026,0.3827751196172249,0.28773652920195475,0.39616666666666667,0.8650793650793651,59,9
union:thinking_recall@0.3+grouped_event@0.1,738,0.27100271002710025,0.6514657980456026,0.3827751196172249,0.28773652920195475,0.39616666666666667,0.8650793650793651,59,9
union:thinking_recall@0.3+grouped_event@0.3,738,0.27100271002710025,0.6514657980456026,0.3827751196172249,0.28773652920195475,0.39616666666666667,0.8650793650793651,59,9
union:baseline_balanced@0.35+grouped_event@0.1,676,0.2781065088757396,0.6123778501628665,0.38250254323499494,0.28834422830215306,0.41651058201058194,0.8589211618257261,48,20
union:baseline_balanced@0.35+grouped_event@0.3,676,0.2781065088757396,0.6123778501628665,0.38250254323499494,0.28834422830215306,0.41651058201058194,0.8589211618257261,48,20
union:baseline_balanced@0.6+grouped_event@0.1,676,0.2781065088757396,0.6123778501628665,0.38250254323499494,0.28834422830215306,0.41651058201058194,0.8589211618257261,48,20
union:baseline_balanced@0.6+grouped_event@0.3,676,0.2781065088757396,0.6123778501628665,0.38250254323499494,0.28834422830215306,0.41651058201058194,0.8589211618257261,48,20
union:thinking_recall@0.35+grouped_event@0.1,697,0.27259684361549497,0.6188925081433225,0.3784860557768924,0.28685033407928995,0.41188888888888886,0.8641975308641975,49,17
union:thinking_recall@0.35+grouped_event@0.3,697,0.27259684361549497,0.6188925081433225,0.3784860557768924,0.28685033407928995,0.41188888888888886,0.8641975308641975,49,17
union:thinking_recall@0.6+grouped_event@0.1,697,0.27259684361549497,0.6188925081433225,0.3784860557768924,0.28685033407928995,0.41188888888888886,0.8641975308641975,49,17
union:thinking_recall@0.6+grouped_event@0.3,697,0.27259684361549497,0.6188925081433225,0.3784860557768924,0.28685033407928995,0.41188888888888886,0.8641975308641975,49,17
grouped_event@0.35,165,0.48484848484848486,0.26058631921824105,0.3389830508474576,0.2778383810964693,0.40706349206349207,0.5921450151057401,6,129
grouped_event@0.4,165,0.48484848484848486,0.26058631921824105,0.3389830508474576,0.2778383810964693,0.40706349206349207,0.5921450151057401,6,129
grouped_event@0.45,165,0.48484848484848486,0.26058631921824105,0.3389830508474576,0.2778383810964693,0.40706349206349207,0.5921450151057401,6,129
grouped_event@0.5,165,0.48484848484848486,0.26058631921824105,0.3389830508474576,0.2778383810964693,0.40706349206349207,0.5921450151057401,6,129
grouped_event@0.55,165,0.48484848484848486,0.26058631921824105,0.3389830508474576,0.2778383810964693,0.40706349206349207,0.5921450151057401,6,129
grouped_event@0.6,165,0.48484848484848486,0.26058631921824105,0.3389830508474576,0.2778383810964693,0.40706349206349207,0.5921450151057401,6,129
grouped_event@0.05,636,0.2468553459119497,0.511400651465798,0.3329798515376458,0.26745063845395906,0.35703174603174603,0.8333333333333334,46,32
grouped_event@0.1,636,0.2468553459119497,0.511400651465798,0.3329798515376458,0.26745063845395906,0.35703174603174603,0.8333333333333334,46,32
grouped_event@0.15,636,0.2468553459119497,0.511400651465798,0.3329798515376458,0.26745063845395906,0.35703174603174603,0.8333333333333334,46,32
grouped_event@0.2,636,0.2468553459119497,0.511400651465798,0.3329798515376458,0.26745063845395906,0.35703174603174603,0.8333333333333334,46,32
grouped_event@0.25,636,0.2468553459119497,0.511400651465798,0.3329798515376458,0.26745063845395906,0.35703174603174603,0.8333333333333334,46,32
grouped_event@0.3,636,0.2468553459119497,0.511400651465798,0.3329798515376458,0.26745063845395906,0.35703174603174603,0.8333333333333334,46,32
thinking_recall@0.65,48,0.8333333333333334,0.13029315960912052,0.22535211267605634,0.10440418149856114,0.35444444444444445,0.3490909090909091,0,179
thinking_recall@0.7,48,0.8333333333333334,0.13029315960912052,0.22535211267605634,0.10440418149856114,0.35444444444444445,0.3490909090909091,0,179
thinking_recall@0.75,48,0.8333333333333334,0.13029315960912052,0.22535211267605634,0.10440418149856114,0.35444444444444445,0.3490909090909091,0,179
thinking_recall@0.8,48,0.8333333333333334,0.13029315960912052,0.22535211267605634,0.10440418149856114,0.35444444444444445,0.3490909090909091,0,179
thinking_recall@0.85,48,0.8333333333333334,0.13029315960912052,0.22535211267605634,0.10440418149856114,0.35444444444444445,0.3490909090909091,0,179
thinking_recall@0.9,48,0.8333333333333334,0.13029315960912052,0.22535211267605634,0.10440418149856114,0.35444444444444445,0.3490909090909091,0,179
grouped_event@0.65,36,0.8333333333333334,0.09771986970684039,0.1749271137026239,0.21888136018570797,0.32166666666666666,0.25384615384615383,0,194
grouped_event@0.7,36,0.8333333333333334,0.09771986970684039,0.1749271137026239,0.21888136018570797,0.32166666666666666,0.25384615384615383,0,194
grouped_event@0.75,36,0.8333333333333334,0.09771986970684039,0.1749271137026239,0.21888136018570797,0.32166666666666666,0.25384615384615383,0,194
grouped_event@0.8,36,0.8333333333333334,0.09771986970684039,0.1749271137026239,0.21888136018570797,0.32166666666666666,0.25384615384615383,0,194
grouped_event@0.85,36,0.8333333333333334,0.09771986970684039,0.1749271137026239,0.21888136018570797,0.32166666666666666,0.25384615384615383,0,194
grouped_event@0.9,36,0.8333333333333334,0.09771986970684039,0.1749271137026239,0.21888136018570797,0.32166666666666666,0.25384615384615383,0,194
baseline_balanced@0.65,32,0.8125,0.08469055374592833,0.15339233038348082,0.0928904491853452,0.3138888888888889,0.24031007751937986,0,196
baseline_balanced@0.7,32,0.8125,0.08469055374592833,0.15339233038348082,0.0928904491853452,0.3138888888888889,0.24031007751937986,0,196
baseline_balanced@0.75,28,0.8214285714285714,0.0749185667752443,0.1373134328358209,0.07560825647782168,0.3055555555555555,0.2196078431372549,0,199
baseline_balanced@0.8,28,0.8214285714285714,0.0749185667752443,0.1373134328358209,0.07560825647782168,0.3055555555555555,0.2196078431372549,0,199
baseline_balanced@0.85,27,0.8148148148148148,0.07166123778501629,0.1317365269461078,0.07464240310922234,0.30222222222222217,0.2125984251968504,0,200
baseline_balanced@0.9,27,0.8148148148148148,0.07166123778501629,0.1317365269461078,0.07464240310922234,0.30222222222222217,0.2125984251968504,0,200
thinking_recall@0.95,3,1.0,0.009771986970684038,0.01935483870967742,0.008359633834220484,0.25,0.02608695652173913,0,224
baseline_balanced@0.95,4,0.75,0.009771986970684038,0.01929260450160772,0.0038427755819060165,0.25333333333333335,0.03463203463203463,0,223
grouped_event@0.95,2,1.0,0.006514657980456026,0.012944983818770227,0.05016722408026755,0.24777777777777776,0.017467248908296942,0,225
