label_scope,config,n_news,gold_positive_pairs,gold_mean_labels,gold_empty_news,pred_positive_pairs,pred_mean_labels,micro_precision,micro_recall,micro_f1,macro_f1_supported,sample_f1_empty_correct,any_relevant_precision,any_relevant_recall,any_relevant_f1,false_relevant_news,missed_all_relevant_news,source,threshold
all,full_production_v1@default_is_relevant,739,2010,2.719891745602165,33,238,0.32205683355886333,0.6596638655462185,0.0781094527363184,0.1396797153024911,0.08859429691245738,0.14674270249371738,0.9826086956521739,0.32011331444759206,0.4829059829059829,4,480,full_production_v1,default
all,full_production_v1@0.05,739,2010,2.719891745602165,33,391,0.5290933694181326,0.578005115089514,0.11243781094527364,0.1882548937942524,0.10882192898363907,0.18720278368451573,0.9758713136729222,0.5155807365439093,0.6746987951807228,9,342,full_production_v1,0.05
all,full_production_v1@0.10,739,2010,2.719891745602165,33,391,0.5290933694181326,0.578005115089514,0.11243781094527364,0.1882548937942524,0.10882192898363907,0.18720278368451573,0.9758713136729222,0.5155807365439093,0.6746987951807228,9,342,full_production_v1,0.1
all,full_production_v1@0.15,739,2010,2.719891745602165,33,391,0.5290933694181326,0.578005115089514,0.11243781094527364,0.1882548937942524,0.10882192898363907,0.18720278368451573,0.9758713136729222,0.5155807365439093,0.6746987951807228,9,342,full_production_v1,0.15
all,full_production_v1@0.20,739,2010,2.719891745602165,33,391,0.5290933694181326,0.578005115089514,0.11243781094527364,0.1882548937942524,0.10882192898363907,0.18720278368451573,0.9758713136729222,0.5155807365439093,0.6746987951807228,9,342,full_production_v1,0.2
all,full_production_v1@0.25,739,2010,2.719891745602165,33,391,0.5290933694181326,0.578005115089514,0.11243781094527364,0.1882548937942524,0.10882192898363907,0.18720278368451573,0.9758713136729222,0.5155807365439093,0.6746987951807228,9,342,full_production_v1,0.25
all,full_production_v1@0.30,739,2010,2.719891745602165,33,391,0.5290933694181326,0.578005115089514,0.11243781094527364,0.1882548937942524,0.10882192898363907,0.18720278368451573,0.9758713136729222,0.5155807365439093,0.6746987951807228,9,342,full_production_v1,0.3
all,full_production_v1@0.35,739,2010,2.719891745602165,33,225,0.3044654939106901,0.7022222222222222,0.07860696517412935,0.1413870246085011,0.08945635444912775,0.15116416435766908,0.9954337899543378,0.3087818696883853,0.47135135135135137,1,488,full_production_v1,0.35
all,full_production_v1@0.40,739,2010,2.719891745602165,33,225,0.3044654939106901,0.7022222222222222,0.07860696517412935,0.1413870246085011,0.08945635444912775,0.15116416435766908,0.9954337899543378,0.3087818696883853,0.47135135135135137,1,488,full_production_v1,0.4
all,full_production_v1@0.45,739,2010,2.719891745602165,33,225,0.3044654939106901,0.7022222222222222,0.07860696517412935,0.1413870246085011,0.08945635444912775,0.15116416435766908,0.9954337899543378,0.3087818696883853,0.47135135135135137,1,488,full_production_v1,0.45
all,full_production_v1@0.50,739,2010,2.719891745602165,33,225,0.3044654939106901,0.7022222222222222,0.07860696517412935,0.1413870246085011,0.08945635444912775,0.15116416435766908,0.9954337899543378,0.3087818696883853,0.47135135135135137,1,488,full_production_v1,0.5
all,full_production_v1@0.55,739,2010,2.719891745602165,33,225,0.3044654939106901,0.7022222222222222,0.07860696517412935,0.1413870246085011,0.08945635444912775,0.15116416435766908,0.9954337899543378,0.3087818696883853,0.47135135135135137,1,488,full_production_v1,0.55
all,full_production_v1@0.60,739,2010,2.719891745602165,33,225,0.3044654939106901,0.7022222222222222,0.07860696517412935,0.1413870246085011,0.08945635444912775,0.15116416435766908,0.9954337899543378,0.3087818696883853,0.47135135135135137,1,488,full_production_v1,0.6
all,full_production_v1@0.70,739,2010,2.719891745602165,33,5,0.006765899864682003,0.8,0.001990049751243781,0.003970223325062035,0.000896235664827437,0.04894000902119982,1.0,0.007082152974504249,0.014064697609001406,0,701,full_production_v1,0.7
all,full_production_v1@0.80,739,2010,2.719891745602165,33,5,0.006765899864682003,0.8,0.001990049751243781,0.003970223325062035,0.000896235664827437,0.04894000902119982,1.0,0.007082152974504249,0.014064697609001406,0,701,full_production_v1,0.8
all,full_production_v1@0.90,739,2010,2.719891745602165,33,5,0.006765899864682003,0.8,0.001990049751243781,0.003970223325062035,0.000896235664827437,0.04894000902119982,1.0,0.007082152974504249,0.014064697609001406,0,701,full_production_v1,0.9
all,full_balanced_recall_v2@default_is_relevant,739,2010,2.719891745602165,33,376,0.5087956698240866,0.7925531914893617,0.1482587064676617,0.24979044425817268,0.1411892537836359,0.24458405825117593,0.9888888888888889,0.5042492917847026,0.6679174484052532,4,350,full_balanced_recall_v2,default
all,full_balanced_recall_v2@0.05,739,2010,2.719891745602165,33,589,0.79702300405954,0.7436332767402377,0.21791044776119403,0.3370527125817622,0.16077068338608297,0.34161672788195113,0.9806338028169014,0.7889518413597734,0.8744113029827315,11,149,full_balanced_recall_v2,0.05
all,full_balanced_recall_v2@0.10,739,2010,2.719891745602165,33,589,0.79702300405954,0.7436332767402377,0.21791044776119403,0.3370527125817622,0.16077068338608297,0.34161672788195113,0.9806338028169014,0.7889518413597734,0.8744113029827315,11,149,full_balanced_recall_v2,0.1
all,full_balanced_recall_v2@0.15,739,2010,2.719891745602165,33,588,0.7956698240866035,0.7448979591836735,0.21791044776119403,0.3371824480369515,0.16080131130320535,0.34161672788195113,0.9805996472663139,0.7875354107648725,0.8735271013354281,11,150,full_balanced_recall_v2,0.15
all,full_balanced_recall_v2@0.20,739,2010,2.719891745602165,33,588,0.7956698240866035,0.7448979591836735,0.21791044776119403,0.3371824480369515,0.16080131130320535,0.34161672788195113,0.9805996472663139,0.7875354107648725,0.8735271013354281,11,150,full_balanced_recall_v2,0.2
all,full_balanced_recall_v2@0.25,739,2010,2.719891745602165,33,588,0.7956698240866035,0.7448979591836735,0.21791044776119403,0.3371824480369515,0.16080131130320535,0.34161672788195113,0.9805996472663139,0.7875354107648725,0.8735271013354281,11,150,full_balanced_recall_v2,0.25
all,full_balanced_recall_v2@0.30,739,2010,2.719891745602165,33,588,0.7956698240866035,0.7448979591836735,0.21791044776119403,0.3371824480369515,0.16080131130320535,0.34161672788195113,0.9805996472663139,0.7875354107648725,0.8735271013354281,11,150,full_balanced_recall_v2,0.3
all,full_balanced_recall_v2@0.35,739,2010,2.719891745602165,33,324,0.43843031123139375,0.8580246913580247,0.1383084577114428,0.23821765209940018,0.1297845806197495,0.2410829735592929,0.9968051118210862,0.44192634560906513,0.6123650637880275,1,394,full_balanced_recall_v2,0.35
all,full_balanced_recall_v2@0.40,739,2010,2.719891745602165,33,324,0.43843031123139375,0.8580246913580247,0.1383084577114428,0.23821765209940018,0.1297845806197495,0.2410829735592929,0.9968051118210862,0.44192634560906513,0.6123650637880275,1,394,full_balanced_recall_v2,0.4
all,full_balanced_recall_v2@0.45,739,2010,2.719891745602165,33,324,0.43843031123139375,0.8580246913580247,0.1383084577114428,0.23821765209940018,0.1297845806197495,0.2410829735592929,0.9968051118210862,0.44192634560906513,0.6123650637880275,1,394,full_balanced_recall_v2,0.45
all,full_balanced_recall_v2@0.50,739,2010,2.719891745602165,33,324,0.43843031123139375,0.8580246913580247,0.1383084577114428,0.23821765209940018,0.1297845806197495,0.2410829735592929,0.9968051118210862,0.44192634560906513,0.6123650637880275,1,394,full_balanced_recall_v2,0.5
all,full_balanced_recall_v2@0.55,739,2010,2.719891745602165,33,324,0.43843031123139375,0.8580246913580247,0.1383084577114428,0.23821765209940018,0.1297845806197495,0.2410829735592929,0.9968051118210862,0.44192634560906513,0.6123650637880275,1,394,full_balanced_recall_v2,0.55
all,full_balanced_recall_v2@0.60,739,2010,2.719891745602165,33,324,0.43843031123139375,0.8580246913580247,0.1383084577114428,0.23821765209940018,0.1297845806197495,0.2410829735592929,0.9968051118210862,0.44192634560906513,0.6123650637880275,1,394,full_balanced_recall_v2,0.6
all,full_balanced_recall_v2@0.70,739,2010,2.719891745602165,33,89,0.12043301759133965,0.898876404494382,0.03980099502487562,0.07622677465459743,0.030303568379513163,0.1061569688768606,0.9887640449438202,0.12464589235127478,0.22138364779874214,1,618,full_balanced_recall_v2,0.7
all,full_balanced_recall_v2@0.80,739,2010,2.719891745602165,33,87,0.11772665764546685,0.896551724137931,0.03880597014925373,0.07439198855507868,0.029929600341945944,0.10426251691474966,0.9885057471264368,0.12181303116147309,0.21689785624211855,1,620,full_balanced_recall_v2,0.8
all,full_balanced_recall_v2@0.90,739,2010,2.719891745602165,33,87,0.11772665764546685,0.896551724137931,0.03880597014925373,0.07439198855507868,0.029929600341945944,0.10426251691474966,0.9885057471264368,0.12181303116147309,0.21689785624211855,1,620,full_balanced_recall_v2,0.9
all,search_production_v1@default_is_relevant,237,656,2.7679324894514767,10,78,0.3291139240506329,0.6538461538461539,0.07774390243902439,0.13896457765667575,0.1299346543236885,0.13803496081977093,0.9733333333333334,0.32158590308370044,0.48344370860927155,2,154,search_production_v1,default
all,search_production_v1@0.05,237,656,2.7679324894514767,10,129,0.5443037974683544,0.5968992248062015,0.1173780487804878,0.1961783439490446,0.14746511925313036,0.1919730761502913,0.9836065573770492,0.5286343612334802,0.6876790830945558,2,107,search_production_v1,0.05
all,search_production_v1@0.10,237,656,2.7679324894514767,10,129,0.5443037974683544,0.5968992248062015,0.1173780487804878,0.1961783439490446,0.14746511925313036,0.1919730761502913,0.9836065573770492,0.5286343612334802,0.6876790830945558,2,107,search_production_v1,0.1
all,search_production_v1@0.15,237,656,2.7679324894514767,10,129,0.5443037974683544,0.5968992248062015,0.1173780487804878,0.1961783439490446,0.14746511925313036,0.1919730761502913,0.9836065573770492,0.5286343612334802,0.6876790830945558,2,107,search_production_v1,0.15
all,search_production_v1@0.20,237,656,2.7679324894514767,10,129,0.5443037974683544,0.5968992248062015,0.1173780487804878,0.1961783439490446,0.14746511925313036,0.1919730761502913,0.9836065573770492,0.5286343612334802,0.6876790830945558,2,107,search_production_v1,0.2
all,search_production_v1@0.25,237,656,2.7679324894514767,10,129,0.5443037974683544,0.5968992248062015,0.1173780487804878,0.1961783439490446,0.14746511925313036,0.1919730761502913,0.9836065573770492,0.5286343612334802,0.6876790830945558,2,107,search_production_v1,0.25
all,search_production_v1@0.30,237,656,2.7679324894514767,10,129,0.5443037974683544,0.5968992248062015,0.1173780487804878,0.1961783439490446,0.14746511925313036,0.1919730761502913,0.9836065573770492,0.5286343612334802,0.6876790830945558,2,107,search_production_v1,0.3
all,search_production_v1@0.35,237,656,2.7679324894514767,10,70,0.29535864978902954,0.7857142857142857,0.08384146341463415,0.15151515151515152,0.13981070122749595,0.15251155314446452,0.9852941176470589,0.29515418502202645,0.4542372881355932,1,160,search_production_v1,0.35
all,search_production_v1@0.40,237,656,2.7679324894514767,10,70,0.29535864978902954,0.7857142857142857,0.08384146341463415,0.15151515151515152,0.13981070122749595,0.15251155314446452,0.9852941176470589,0.29515418502202645,0.4542372881355932,1,160,search_production_v1,0.4
all,search_production_v1@0.45,237,656,2.7679324894514767,10,70,0.29535864978902954,0.7857142857142857,0.08384146341463415,0.15151515151515152,0.13981070122749595,0.15251155314446452,0.9852941176470589,0.29515418502202645,0.4542372881355932,1,160,search_production_v1,0.45
all,search_production_v1@0.50,237,656,2.7679324894514767,10,70,0.29535864978902954,0.7857142857142857,0.08384146341463415,0.15151515151515152,0.13981070122749595,0.15251155314446452,0.9852941176470589,0.29515418502202645,0.4542372881355932,1,160,search_production_v1,0.5
all,search_production_v1@0.55,237,656,2.7679324894514767,10,70,0.29535864978902954,0.7857142857142857,0.08384146341463415,0.15151515151515152,0.13981070122749595,0.15251155314446452,0.9852941176470589,0.29515418502202645,0.4542372881355932,1,160,search_production_v1,0.55
all,search_production_v1@0.60,237,656,2.7679324894514767,10,70,0.29535864978902954,0.7857142857142857,0.08384146341463415,0.15151515151515152,0.13981070122749595,0.15251155314446452,0.9852941176470589,0.29515418502202645,0.4542372881355932,1,160,search_production_v1,0.6
all,search_production_v1@0.70,237,656,2.7679324894514767,10,2,0.008438818565400843,0.5,0.001524390243902439,0.00303951367781155,0.0005264543300868649,0.046413502109704644,1.0,0.00881057268722467,0.017467248908296942,0,225,search_production_v1,0.7
all,search_production_v1@0.80,237,656,2.7679324894514767,10,2,0.008438818565400843,0.5,0.001524390243902439,0.00303951367781155,0.0005264543300868649,0.046413502109704644,1.0,0.00881057268722467,0.017467248908296942,0,225,search_production_v1,0.8
all,search_production_v1@0.90,237,656,2.7679324894514767,10,2,0.008438818565400843,0.5,0.001524390243902439,0.00303951367781155,0.0005264543300868649,0.046413502109704644,1.0,0.00881057268722467,0.017467248908296942,0,225,search_production_v1,0.9
all,search_balanced_recall_v2@default_is_relevant,237,656,2.7679324894514767,10,132,0.5569620253164557,0.7727272727272727,0.15548780487804878,0.25888324873096447,0.1285841845914513,0.25829817158931084,1.0,0.5198237885462555,0.6840579710144927,0,109,search_balanced_recall_v2,default
all,search_balanced_recall_v2@0.05,237,656,2.7679324894514767,10,188,0.7932489451476793,0.7287234042553191,0.20884146341463414,0.3246445497630332,0.14535805179880334,0.33173598553345385,0.9824561403508771,0.7400881057268722,0.8442211055276382,3,59,search_balanced_recall_v2,0.05
all,search_balanced_recall_v2@0.10,237,656,2.7679324894514767,10,188,0.7932489451476793,0.7287234042553191,0.20884146341463414,0.3246445497630332,0.14535805179880334,0.33173598553345385,0.9824561403508771,0.7400881057268722,0.8442211055276382,3,59,search_balanced_recall_v2,0.1
all,search_balanced_recall_v2@0.15,237,656,2.7679324894514767,10,188,0.7932489451476793,0.7287234042553191,0.20884146341463414,0.3246445497630332,0.14535805179880334,0.33173598553345385,0.9824561403508771,0.7400881057268722,0.8442211055276382,3,59,search_balanced_recall_v2,0.15
all,search_balanced_recall_v2@0.20,237,656,2.7679324894514767,10,188,0.7932489451476793,0.7287234042553191,0.20884146341463414,0.3246445497630332,0.14535805179880334,0.33173598553345385,0.9824561403508771,0.7400881057268722,0.8442211055276382,3,59,search_balanced_recall_v2,0.2
all,search_balanced_recall_v2@0.25,237,656,2.7679324894514767,10,188,0.7932489451476793,0.7287234042553191,0.20884146341463414,0.3246445497630332,0.14535805179880334,0.33173598553345385,0.9824561403508771,0.7400881057268722,0.8442211055276382,3,59,search_balanced_recall_v2,0.25
all,search_balanced_recall_v2@0.30,237,656,2.7679324894514767,10,188,0.7932489451476793,0.7287234042553191,0.20884146341463414,0.3246445497630332,0.14535805179880334,0.33173598553345385,0.9824561403508771,0.7400881057268722,0.8442211055276382,3,59,search_balanced_recall_v2,0.3
all,search_balanced_recall_v2@0.35,237,656,2.7679324894514767,10,100,0.4219409282700422,0.84,0.12804878048780488,0.2222222222222222,0.11421863399370272,0.23095238095238096,1.0,0.4185022026431718,0.5900621118012422,0,132,search_balanced_recall_v2,0.35
all,search_balanced_recall_v2@0.40,237,656,2.7679324894514767,10,100,0.4219409282700422,0.84,0.12804878048780488,0.2222222222222222,0.11421863399370272,0.23095238095238096,1.0,0.4185022026431718,0.5900621118012422,0,132,search_balanced_recall_v2,0.4
all,search_balanced_recall_v2@0.45,237,656,2.7679324894514767,10,100,0.4219409282700422,0.84,0.12804878048780488,0.2222222222222222,0.11421863399370272,0.23095238095238096,1.0,0.4185022026431718,0.5900621118012422,0,132,search_balanced_recall_v2,0.45
all,search_balanced_recall_v2@0.50,237,656,2.7679324894514767,10,100,0.4219409282700422,0.84,0.12804878048780488,0.2222222222222222,0.11421863399370272,0.23095238095238096,1.0,0.4185022026431718,0.5900621118012422,0,132,search_balanced_recall_v2,0.5
all,search_balanced_recall_v2@0.55,237,656,2.7679324894514767,10,100,0.4219409282700422,0.84,0.12804878048780488,0.2222222222222222,0.11421863399370272,0.23095238095238096,1.0,0.4185022026431718,0.5900621118012422,0,132,search_balanced_recall_v2,0.55
all,search_balanced_recall_v2@0.60,237,656,2.7679324894514767,10,100,0.4219409282700422,0.84,0.12804878048780488,0.2222222222222222,0.11421863399370272,0.23095238095238096,1.0,0.4185022026431718,0.5900621118012422,0,132,search_balanced_recall_v2,0.6
all,search_balanced_recall_v2@0.70,237,656,2.7679324894514767,10,29,0.12236286919831224,0.896551724137931,0.039634146341463415,0.07591240875912408,0.05741784697159951,0.09965842877235283,1.0,0.12334801762114538,0.2196078431372549,0,199,search_balanced_recall_v2,0.7
all,search_balanced_recall_v2@0.80,237,656,2.7679324894514767,10,25,0.10548523206751055,0.92,0.0350609756097561,0.06754772393538913,0.0533275002377085,0.0944544906570223,1.0,0.11013215859030837,0.1984126984126984,0,202,search_balanced_recall_v2,0.8
all,search_balanced_recall_v2@0.90,237,656,2.7679324894514767,10,24,0.10126582278481013,0.9166666666666666,0.03353658536585366,0.06470588235294118,0.05288597964077266,0.09234478601567209,1.0,0.10572687224669604,0.19123505976095617,0,203,search_balanced_recall_v2,0.9
all,search_primary_first_v2@default_is_relevant,237,656,2.7679324894514767,10,104,0.4388185654008439,0.7884615384615384,0.125,0.21578947368421053,0.13659925855273,0.22789833232871207,1.0,0.44933920704845814,0.6200607902735562,0,125,search_primary_first_v2,default
all,search_primary_first_v2@0.05,237,656,2.7679324894514767,10,181,0.7637130801687764,0.7016574585635359,0.19359756097560976,0.3034647550776583,0.16051580019737602,0.31479137365213317,0.9829545454545454,0.762114537444934,0.858560794044665,3,54,search_primary_first_v2,0.05
all,search_primary_first_v2@0.10,237,656,2.7679324894514767,10,181,0.7637130801687764,0.7016574585635359,0.19359756097560976,0.3034647550776583,0.16051580019737602,0.31479137365213317,0.9829545454545454,0.762114537444934,0.858560794044665,3,54,search_primary_first_v2,0.1
all,search_primary_first_v2@0.15,237,656,2.7679324894514767,10,181,0.7637130801687764,0.7016574585635359,0.19359756097560976,0.3034647550776583,0.16051580019737602,0.31479137365213317,0.9829545454545454,0.762114537444934,0.858560794044665,3,54,search_primary_first_v2,0.15
all,search_primary_first_v2@0.20,237,656,2.7679324894514767,10,181,0.7637130801687764,0.7016574585635359,0.19359756097560976,0.3034647550776583,0.16051580019737602,0.31479137365213317,0.9829545454545454,0.762114537444934,0.858560794044665,3,54,search_primary_first_v2,0.2
all,search_primary_first_v2@0.25,237,656,2.7679324894514767,10,181,0.7637130801687764,0.7016574585635359,0.19359756097560976,0.3034647550776583,0.16051580019737602,0.31479137365213317,0.9829545454545454,0.762114537444934,0.858560794044665,3,54,search_primary_first_v2,0.25
all,search_primary_first_v2@0.30,237,656,2.7679324894514767,10,181,0.7637130801687764,0.7016574585635359,0.19359756097560976,0.3034647550776583,0.16051580019737602,0.31479137365213317,0.9829545454545454,0.762114537444934,0.858560794044665,3,54,search_primary_first_v2,0.3
all,search_primary_first_v2@0.35,237,656,2.7679324894514767,10,110,0.4641350210970464,0.8272727272727273,0.13871951219512196,0.23759791122715404,0.14798868756479905,0.245680128591521,1.0,0.47577092511013214,0.6447761194029851,0,119,search_primary_first_v2,0.35
all,search_primary_first_v2@0.40,237,656,2.7679324894514767,10,110,0.4641350210970464,0.8272727272727273,0.13871951219512196,0.23759791122715404,0.14798868756479905,0.245680128591521,1.0,0.47577092511013214,0.6447761194029851,0,119,search_primary_first_v2,0.4
all,search_primary_first_v2@0.45,237,656,2.7679324894514767,10,110,0.4641350210970464,0.8272727272727273,0.13871951219512196,0.23759791122715404,0.14798868756479905,0.245680128591521,1.0,0.47577092511013214,0.6447761194029851,0,119,search_primary_first_v2,0.45
all,search_primary_first_v2@0.50,237,656,2.7679324894514767,10,110,0.4641350210970464,0.8272727272727273,0.13871951219512196,0.23759791122715404,0.14798868756479905,0.245680128591521,1.0,0.47577092511013214,0.6447761194029851,0,119,search_primary_first_v2,0.5
all,search_primary_first_v2@0.55,237,656,2.7679324894514767,10,110,0.4641350210970464,0.8272727272727273,0.13871951219512196,0.23759791122715404,0.14798868756479905,0.245680128591521,1.0,0.47577092511013214,0.6447761194029851,0,119,search_primary_first_v2,0.55
all,search_primary_first_v2@0.60,237,656,2.7679324894514767,10,110,0.4641350210970464,0.8272727272727273,0.13871951219512196,0.23759791122715404,0.14798868756479905,0.245680128591521,1.0,0.47577092511013214,0.6447761194029851,0,119,search_primary_first_v2,0.6
all,search_primary_first_v2@0.70,237,656,2.7679324894514767,10,36,0.1518987341772152,0.8611111111111112,0.04725609756097561,0.08959537572254335,0.07598385207171182,0.11999196302993771,1.0,0.15859030837004406,0.2737642585551331,0,191,search_primary_first_v2,0.7
all,search_primary_first_v2@0.80,237,656,2.7679324894514767,10,36,0.1518987341772152,0.8611111111111112,0.04725609756097561,0.08959537572254335,0.07598385207171182,0.11999196302993771,1.0,0.15859030837004406,0.2737642585551331,0,191,search_primary_first_v2,0.8
all,search_primary_first_v2@0.90,237,656,2.7679324894514767,10,36,0.1518987341772152,0.8611111111111112,0.04725609756097561,0.08959537572254335,0.07598385207171182,0.11999196302993771,1.0,0.15859030837004406,0.2737642585551331,0,191,search_primary_first_v2,0.9
all,search_hard_negative_v2@default_is_relevant,237,656,2.7679324894514767,10,37,0.15611814345991562,0.8108108108108109,0.04573170731707317,0.08658008658008658,0.0552770985523786,0.11324090817761702,1.0,0.15418502202643172,0.26717557251908397,0,192,search_hard_negative_v2,default
all,search_hard_negative_v2@0.05,237,656,2.7679324894514767,10,61,0.25738396624472576,0.8032786885245902,0.07469512195121951,0.13668061366806136,0.07078282311937442,0.1497387984729757,1.0,0.2599118942731278,0.4125874125874126,0,168,search_hard_negative_v2,0.05
all,search_hard_negative_v2@0.10,237,656,2.7679324894514767,10,61,0.25738396624472576,0.8032786885245902,0.07469512195121951,0.13668061366806136,0.07078282311937442,0.1497387984729757,1.0,0.2599118942731278,0.4125874125874126,0,168,search_hard_negative_v2,0.1
all,search_hard_negative_v2@0.15,237,656,2.7679324894514767,10,61,0.25738396624472576,0.8032786885245902,0.07469512195121951,0.13668061366806136,0.07078282311937442,0.1497387984729757,1.0,0.2599118942731278,0.4125874125874126,0,168,search_hard_negative_v2,0.15
all,search_hard_negative_v2@0.20,237,656,2.7679324894514767,10,61,0.25738396624472576,0.8032786885245902,0.07469512195121951,0.13668061366806136,0.07078282311937442,0.1497387984729757,1.0,0.2599118942731278,0.4125874125874126,0,168,search_hard_negative_v2,0.2
all,search_hard_negative_v2@0.25,237,656,2.7679324894514767,10,60,0.25316455696202533,0.8166666666666667,0.07469512195121951,0.13687150837988826,0.07154068594620276,0.1497387984729757,1.0,0.2555066079295154,0.4070175438596491,0,169,search_hard_negative_v2,0.25
all,search_hard_negative_v2@0.30,237,656,2.7679324894514767,10,60,0.25316455696202533,0.8166666666666667,0.07469512195121951,0.13687150837988826,0.07154068594620276,0.1497387984729757,1.0,0.2555066079295154,0.4070175438596491,0,169,search_hard_negative_v2,0.3
all,search_hard_negative_v2@0.35,237,656,2.7679324894514767,10,60,0.25316455696202533,0.8166666666666667,0.07469512195121951,0.13687150837988826,0.07154068594620276,0.1497387984729757,1.0,0.2555066079295154,0.4070175438596491,0,169,search_hard_negative_v2,0.35
all,search_hard_negative_v2@0.40,237,656,2.7679324894514767,10,60,0.25316455696202533,0.8166666666666667,0.07469512195121951,0.13687150837988826,0.07154068594620276,0.1497387984729757,1.0,0.2555066079295154,0.4070175438596491,0,169,search_hard_negative_v2,0.4
all,search_hard_negative_v2@0.45,237,656,2.7679324894514767,10,60,0.25316455696202533,0.8166666666666667,0.07469512195121951,0.13687150837988826,0.07154068594620276,0.1497387984729757,1.0,0.2555066079295154,0.4070175438596491,0,169,search_hard_negative_v2,0.45
all,search_hard_negative_v2@0.50,237,656,2.7679324894514767,10,60,0.25316455696202533,0.8166666666666667,0.07469512195121951,0.13687150837988826,0.07154068594620276,0.1497387984729757,1.0,0.2555066079295154,0.4070175438596491,0,169,search_hard_negative_v2,0.5
all,search_hard_negative_v2@0.55,237,656,2.7679324894514767,10,53,0.22362869198312235,0.8113207547169812,0.06554878048780488,0.12129760225669958,0.06372390395810244,0.1387683343379546,1.0,0.22466960352422907,0.3669064748201439,0,176,search_hard_negative_v2,0.55
all,search_hard_negative_v2@0.60,237,656,2.7679324894514767,10,53,0.22362869198312235,0.8113207547169812,0.06554878048780488,0.12129760225669958,0.06372390395810244,0.1387683343379546,1.0,0.22466960352422907,0.3669064748201439,0,176,search_hard_negative_v2,0.6
all,search_hard_negative_v2@0.70,237,656,2.7679324894514767,10,53,0.22362869198312235,0.8113207547169812,0.06554878048780488,0.12129760225669958,0.06372390395810244,0.1387683343379546,1.0,0.22466960352422907,0.3669064748201439,0,176,search_hard_negative_v2,0.7
all,search_hard_negative_v2@0.80,237,656,2.7679324894514767,10,53,0.22362869198312235,0.8113207547169812,0.06554878048780488,0.12129760225669958,0.06372390395810244,0.1387683343379546,1.0,0.22466960352422907,0.3669064748201439,0,176,search_hard_negative_v2,0.8
all,search_hard_negative_v2@0.90,237,656,2.7679324894514767,10,53,0.22362869198312235,0.8113207547169812,0.06554878048780488,0.12129760225669958,0.06372390395810244,0.1387683343379546,1.0,0.22466960352422907,0.3669064748201439,0,176,search_hard_negative_v2,0.9
all,search_few_shot_major_v3@default_is_relevant,237,656,2.7679324894514767,10,106,0.4472573839662447,0.6792452830188679,0.10975609756097561,0.1889763779527559,0.13344158781944648,0.19251557162949567,0.9809523809523809,0.45374449339207046,0.6204819277108434,2,124,search_few_shot_major_v3,default
all,search_few_shot_major_v3@0.05,237,656,2.7679324894514767,10,212,0.8945147679324894,0.6132075471698113,0.19817073170731708,0.2995391705069124,0.16210225358079275,0.31139240506329113,0.966824644549763,0.8986784140969163,0.9315068493150684,7,23,search_few_shot_major_v3,0.05
all,search_few_shot_major_v3@0.10,237,656,2.7679324894514767,10,212,0.8945147679324894,0.6132075471698113,0.19817073170731708,0.2995391705069124,0.16210225358079275,0.31139240506329113,0.966824644549763,0.8986784140969163,0.9315068493150684,7,23,search_few_shot_major_v3,0.1
all,search_few_shot_major_v3@0.15,237,656,2.7679324894514767,10,212,0.8945147679324894,0.6132075471698113,0.19817073170731708,0.2995391705069124,0.16210225358079275,0.31139240506329113,0.966824644549763,0.8986784140969163,0.9315068493150684,7,23,search_few_shot_major_v3,0.15
all,search_few_shot_major_v3@0.20,237,656,2.7679324894514767,10,212,0.8945147679324894,0.6132075471698113,0.19817073170731708,0.2995391705069124,0.16210225358079275,0.31139240506329113,0.966824644549763,0.8986784140969163,0.9315068493150684,7,23,search_few_shot_major_v3,0.2
all,search_few_shot_major_v3@0.25,237,656,2.7679324894514767,10,212,0.8945147679324894,0.6132075471698113,0.19817073170731708,0.2995391705069124,0.16210225358079275,0.31139240506329113,0.966824644549763,0.8986784140969163,0.9315068493150684,7,23,search_few_shot_major_v3,0.25
all,search_few_shot_major_v3@0.30,237,656,2.7679324894514767,10,212,0.8945147679324894,0.6132075471698113,0.19817073170731708,0.2995391705069124,0.16210225358079275,0.31139240506329113,0.966824644549763,0.8986784140969163,0.9315068493150684,7,23,search_few_shot_major_v3,0.3
all,search_few_shot_major_v3@0.35,237,656,2.7679324894514767,10,143,0.6033755274261603,0.7062937062937062,0.15396341463414634,0.2528160200250313,0.1587097316141963,0.2619449467550733,0.993006993006993,0.6255506607929515,0.7675675675675676,1,85,search_few_shot_major_v3,0.35
all,search_few_shot_major_v3@0.40,237,656,2.7679324894514767,10,143,0.6033755274261603,0.7062937062937062,0.15396341463414634,0.2528160200250313,0.1587097316141963,0.2619449467550733,0.993006993006993,0.6255506607929515,0.7675675675675676,1,85,search_few_shot_major_v3,0.4
all,search_few_shot_major_v3@0.45,237,656,2.7679324894514767,10,143,0.6033755274261603,0.7062937062937062,0.15396341463414634,0.2528160200250313,0.1587097316141963,0.2619449467550733,0.993006993006993,0.6255506607929515,0.7675675675675676,1,85,search_few_shot_major_v3,0.45
all,search_few_shot_major_v3@0.50,237,656,2.7679324894514767,10,143,0.6033755274261603,0.7062937062937062,0.15396341463414634,0.2528160200250313,0.1587097316141963,0.2619449467550733,0.993006993006993,0.6255506607929515,0.7675675675675676,1,85,search_few_shot_major_v3,0.5
all,search_few_shot_major_v3@0.55,237,656,2.7679324894514767,10,143,0.6033755274261603,0.7062937062937062,0.15396341463414634,0.2528160200250313,0.1587097316141963,0.2619449467550733,0.993006993006993,0.6255506607929515,0.7675675675675676,1,85,search_few_shot_major_v3,0.55
all,search_few_shot_major_v3@0.60,237,656,2.7679324894514767,10,143,0.6033755274261603,0.7062937062937062,0.15396341463414634,0.2528160200250313,0.1587097316141963,0.2619449467550733,0.993006993006993,0.6255506607929515,0.7675675675675676,1,85,search_few_shot_major_v3,0.6
all,search_few_shot_major_v3@0.70,237,656,2.7679324894514767,10,36,0.1518987341772152,0.8333333333333334,0.04573170731707317,0.08670520231213873,0.06803348222083858,0.10762507534659432,1.0,0.15859030837004406,0.2737642585551331,0,191,search_few_shot_major_v3,0.7
all,search_few_shot_major_v3@0.80,237,656,2.7679324894514767,10,36,0.1518987341772152,0.8333333333333334,0.04573170731707317,0.08670520231213873,0.06803348222083858,0.10762507534659432,1.0,0.15859030837004406,0.2737642585551331,0,191,search_few_shot_major_v3,0.8
all,search_few_shot_major_v3@0.90,237,656,2.7679324894514767,10,36,0.1518987341772152,0.8333333333333334,0.04573170731707317,0.08670520231213873,0.06803348222083858,0.10762507534659432,1.0,0.15859030837004406,0.2737642585551331,0,191,search_few_shot_major_v3,0.9
all,recall_max_think_false@default_is_relevant,237,656,2.7679324894514767,10,118,0.4978902953586498,0.7966101694915254,0.14329268292682926,0.24289405684754523,0.12083452232430592,0.2340365682137834,1.0,0.46255506607929514,0.6325301204819277,0,122,recall_max_think_false,default
all,recall_max_think_false@0.05,237,656,2.7679324894514767,10,205,0.8649789029535865,0.6682926829268293,0.20884146341463414,0.31823461091753774,0.14028856213764918,0.3195700221016677,0.9738219895287958,0.8193832599118943,0.8899521531100478,5,41,recall_max_think_false,0.05
all,recall_max_think_false@0.10,237,656,2.7679324894514767,10,205,0.8649789029535865,0.6682926829268293,0.20884146341463414,0.31823461091753774,0.14028856213764918,0.3195700221016677,0.9738219895287958,0.8193832599118943,0.8899521531100478,5,41,recall_max_think_false,0.1
all,recall_max_think_false@0.15,237,656,2.7679324894514767,10,205,0.8649789029535865,0.6682926829268293,0.20884146341463414,0.31823461091753774,0.14028856213764918,0.3195700221016677,0.9738219895287958,0.8193832599118943,0.8899521531100478,5,41,recall_max_think_false,0.15
all,recall_max_think_false@0.20,237,656,2.7679324894514767,10,205,0.8649789029535865,0.6682926829268293,0.20884146341463414,0.31823461091753774,0.14028856213764918,0.3195700221016677,0.9738219895287958,0.8193832599118943,0.8899521531100478,5,41,recall_max_think_false,0.2
all,recall_max_think_false@0.25,237,656,2.7679324894514767,10,205,0.8649789029535865,0.6682926829268293,0.20884146341463414,0.31823461091753774,0.14028856213764918,0.3195700221016677,0.9738219895287958,0.8193832599118943,0.8899521531100478,5,41,recall_max_think_false,0.25
all,recall_max_think_false@0.30,237,656,2.7679324894514767,10,205,0.8649789029535865,0.6682926829268293,0.20884146341463414,0.31823461091753774,0.14028856213764918,0.3195700221016677,0.9738219895287958,0.8193832599118943,0.8899521531100478,5,41,recall_max_think_false,0.3
all,recall_max_think_false@0.35,237,656,2.7679324894514767,10,129,0.5443037974683544,0.813953488372093,0.1600609756097561,0.267515923566879,0.13386137530719394,0.25963431786216595,1.0,0.5066079295154186,0.672514619883041,0,112,recall_max_think_false,0.35
all,recall_max_think_false@0.40,237,656,2.7679324894514767,10,129,0.5443037974683544,0.813953488372093,0.1600609756097561,0.267515923566879,0.13386137530719394,0.25963431786216595,1.0,0.5066079295154186,0.672514619883041,0,112,recall_max_think_false,0.4
all,recall_max_think_false@0.45,237,656,2.7679324894514767,10,129,0.5443037974683544,0.813953488372093,0.1600609756097561,0.267515923566879,0.13386137530719394,0.25963431786216595,1.0,0.5066079295154186,0.672514619883041,0,112,recall_max_think_false,0.45
all,recall_max_think_false@0.50,237,656,2.7679324894514767,10,129,0.5443037974683544,0.813953488372093,0.1600609756097561,0.267515923566879,0.13386137530719394,0.25963431786216595,1.0,0.5066079295154186,0.672514619883041,0,112,recall_max_think_false,0.5
all,recall_max_think_false@0.55,237,656,2.7679324894514767,10,129,0.5443037974683544,0.813953488372093,0.1600609756097561,0.267515923566879,0.13386137530719394,0.25963431786216595,1.0,0.5066079295154186,0.672514619883041,0,112,recall_max_think_false,0.55
all,recall_max_think_false@0.60,237,656,2.7679324894514767,10,129,0.5443037974683544,0.813953488372093,0.1600609756097561,0.267515923566879,0.13386137530719394,0.25963431786216595,1.0,0.5066079295154186,0.672514619883041,0,112,recall_max_think_false,0.6
all,recall_max_think_false@0.70,237,656,2.7679324894514767,10,37,0.15611814345991562,0.8648648648648649,0.04878048780487805,0.09235209235209235,0.04721511455380085,0.10964436407474383,1.0,0.15418502202643172,0.26717557251908397,0,192,recall_max_think_false,0.7
all,recall_max_think_false@0.80,237,656,2.7679324894514767,10,37,0.15611814345991562,0.8648648648648649,0.04878048780487805,0.09235209235209235,0.04721511455380085,0.10964436407474383,1.0,0.15418502202643172,0.26717557251908397,0,192,recall_max_think_false,0.8
all,recall_max_think_false@0.90,237,656,2.7679324894514767,10,37,0.15611814345991562,0.8648648648648649,0.04878048780487805,0.09235209235209235,0.04721511455380085,0.10964436407474383,1.0,0.15418502202643172,0.26717557251908397,0,192,recall_max_think_false,0.9
all,recall_max_think_true@default_is_relevant,237,656,2.7679324894514767,10,124,0.5232067510548524,0.8467741935483871,0.1600609756097561,0.2692307692307692,0.11789881252498385,0.26126180429977897,1.0,0.4977973568281938,0.6647058823529411,0,114,recall_max_think_true,default
all,recall_max_think_true@0.05,237,656,2.7679324894514767,10,201,0.8481012658227848,0.7263681592039801,0.2225609756097561,0.34072345390898484,0.12945351108424585,0.3477195097448261,0.9789473684210527,0.8193832599118943,0.8920863309352518,4,41,recall_max_think_true,0.05
all,recall_max_think_true@0.10,237,656,2.7679324894514767,10,201,0.8481012658227848,0.7263681592039801,0.2225609756097561,0.34072345390898484,0.12945351108424585,0.3477195097448261,0.9789473684210527,0.8193832599118943,0.8920863309352518,4,41,recall_max_think_true,0.1
all,recall_max_think_true@0.15,237,656,2.7679324894514767,10,201,0.8481012658227848,0.7263681592039801,0.2225609756097561,0.34072345390898484,0.12945351108424585,0.3477195097448261,0.9789473684210527,0.8193832599118943,0.8920863309352518,4,41,recall_max_think_true,0.15
all,recall_max_think_true@0.20,237,656,2.7679324894514767,10,201,0.8481012658227848,0.7263681592039801,0.2225609756097561,0.34072345390898484,0.12945351108424585,0.3477195097448261,0.9789473684210527,0.8193832599118943,0.8920863309352518,4,41,recall_max_think_true,0.2
all,recall_max_think_true@0.25,237,656,2.7679324894514767,10,201,0.8481012658227848,0.7263681592039801,0.2225609756097561,0.34072345390898484,0.12945351108424585,0.3477195097448261,0.9789473684210527,0.8193832599118943,0.8920863309352518,4,41,recall_max_think_true,0.25
all,recall_max_think_true@0.30,237,656,2.7679324894514767,10,201,0.8481012658227848,0.7263681592039801,0.2225609756097561,0.34072345390898484,0.12945351108424585,0.3477195097448261,0.9789473684210527,0.8193832599118943,0.8920863309352518,4,41,recall_max_think_true,0.3
all,recall_max_think_true@0.35,237,656,2.7679324894514767,10,135,0.569620253164557,0.8518518518518519,0.17530487804878048,0.29077117572692796,0.12738899594640457,0.2847498493068113,1.0,0.5462555066079295,0.7065527065527065,0,103,recall_max_think_true,0.35
all,recall_max_think_true@0.40,237,656,2.7679324894514767,10,135,0.569620253164557,0.8518518518518519,0.17530487804878048,0.29077117572692796,0.12738899594640457,0.2847498493068113,1.0,0.5462555066079295,0.7065527065527065,0,103,recall_max_think_true,0.4
all,recall_max_think_true@0.45,237,656,2.7679324894514767,10,135,0.569620253164557,0.8518518518518519,0.17530487804878048,0.29077117572692796,0.12738899594640457,0.2847498493068113,1.0,0.5462555066079295,0.7065527065527065,0,103,recall_max_think_true,0.45
all,recall_max_think_true@0.50,237,656,2.7679324894514767,10,135,0.569620253164557,0.8518518518518519,0.17530487804878048,0.29077117572692796,0.12738899594640457,0.2847498493068113,1.0,0.5462555066079295,0.7065527065527065,0,103,recall_max_think_true,0.5
all,recall_max_think_true@0.55,237,656,2.7679324894514767,10,135,0.569620253164557,0.8518518518518519,0.17530487804878048,0.29077117572692796,0.12738899594640457,0.2847498493068113,1.0,0.5462555066079295,0.7065527065527065,0,103,recall_max_think_true,0.55
all,recall_max_think_true@0.60,237,656,2.7679324894514767,10,135,0.569620253164557,0.8518518518518519,0.17530487804878048,0.29077117572692796,0.12738899594640457,0.2847498493068113,1.0,0.5462555066079295,0.7065527065527065,0,103,recall_max_think_true,0.6
all,recall_max_think_true@0.70,237,656,2.7679324894514767,10,40,0.16877637130801687,0.9,0.054878048780487805,0.10344827586206896,0.05014835826812311,0.12077556761101065,1.0,0.1762114537444934,0.299625468164794,0,187,recall_max_think_true,0.7
all,recall_max_think_true@0.80,237,656,2.7679324894514767,10,40,0.16877637130801687,0.9,0.054878048780487805,0.10344827586206896,0.05014835826812311,0.12077556761101065,1.0,0.1762114537444934,0.299625468164794,0,187,recall_max_think_true,0.8
all,recall_max_think_true@0.90,237,656,2.7679324894514767,10,40,0.16877637130801687,0.9,0.054878048780487805,0.10344827586206896,0.05014835826812311,0.12077556761101065,1.0,0.1762114537444934,0.299625468164794,0,187,recall_max_think_true,0.9
all,grouped_event_think_true@default_is_relevant,237,656,2.7679324894514767,10,119,0.5021097046413502,0.6974789915966386,0.12652439024390244,0.21419354838709678,0.2111064777146983,0.19770276605719644,1.0,0.34801762114537443,0.5163398692810458,0,148,grouped_event_think_true,default
all,grouped_event_think_true@0.05,237,656,2.7679324894514767,10,526,2.219409282700422,0.39543726235741444,0.3170731707317073,0.35194585448392557,0.24418953533235618,0.3118761454204492,0.9740932642487047,0.8281938325991189,0.8952380952380953,5,39,grouped_event_think_true,0.05
all,grouped_event_think_true@0.10,237,656,2.7679324894514767,10,526,2.219409282700422,0.39543726235741444,0.3170731707317073,0.35194585448392557,0.24418953533235618,0.3118761454204492,0.9740932642487047,0.8281938325991189,0.8952380952380953,5,39,grouped_event_think_true,0.1
all,grouped_event_think_true@0.15,237,656,2.7679324894514767,10,526,2.219409282700422,0.39543726235741444,0.3170731707317073,0.35194585448392557,0.24418953533235618,0.3118761454204492,0.9740932642487047,0.8281938325991189,0.8952380952380953,5,39,grouped_event_think_true,0.15
all,grouped_event_think_true@0.20,237,656,2.7679324894514767,10,526,2.219409282700422,0.39543726235741444,0.3170731707317073,0.35194585448392557,0.24418953533235618,0.3118761454204492,0.9740932642487047,0.8281938325991189,0.8952380952380953,5,39,grouped_event_think_true,0.2
all,grouped_event_think_true@0.25,237,656,2.7679324894514767,10,526,2.219409282700422,0.39543726235741444,0.3170731707317073,0.35194585448392557,0.24418953533235618,0.3118761454204492,0.9740932642487047,0.8281938325991189,0.8952380952380953,5,39,grouped_event_think_true,0.25
all,grouped_event_think_true@0.30,237,656,2.7679324894514767,10,526,2.219409282700422,0.39543726235741444,0.3170731707317073,0.35194585448392557,0.24418953533235618,0.3118761454204492,0.9740932642487047,0.8281938325991189,0.8952380952380953,5,39,grouped_event_think_true,0.3
all,grouped_event_think_true@0.35,237,656,2.7679324894514767,10,144,0.6075949367088608,0.6388888888888888,0.1402439024390244,0.23,0.18438920837701425,0.2042897327707454,1.0,0.3920704845814978,0.5632911392405063,0,138,grouped_event_think_true,0.35
all,grouped_event_think_true@0.40,237,656,2.7679324894514767,10,144,0.6075949367088608,0.6388888888888888,0.1402439024390244,0.23,0.18438920837701425,0.2042897327707454,1.0,0.3920704845814978,0.5632911392405063,0,138,grouped_event_think_true,0.4
all,grouped_event_think_true@0.45,237,656,2.7679324894514767,10,144,0.6075949367088608,0.6388888888888888,0.1402439024390244,0.23,0.18438920837701425,0.2042897327707454,1.0,0.3920704845814978,0.5632911392405063,0,138,grouped_event_think_true,0.45
all,grouped_event_think_true@0.50,237,656,2.7679324894514767,10,144,0.6075949367088608,0.6388888888888888,0.1402439024390244,0.23,0.18438920837701425,0.2042897327707454,1.0,0.3920704845814978,0.5632911392405063,0,138,grouped_event_think_true,0.5
all,grouped_event_think_true@0.55,237,656,2.7679324894514767,10,144,0.6075949367088608,0.6388888888888888,0.1402439024390244,0.23,0.18438920837701425,0.2042897327707454,1.0,0.3920704845814978,0.5632911392405063,0,138,grouped_event_think_true,0.55
all,grouped_event_think_true@0.60,237,656,2.7679324894514767,10,144,0.6075949367088608,0.6388888888888888,0.1402439024390244,0.23,0.18438920837701425,0.2042897327707454,1.0,0.3920704845814978,0.5632911392405063,0,138,grouped_event_think_true,0.6
all,grouped_event_think_true@0.70,237,656,2.7679324894514767,10,30,0.12658227848101267,0.9,0.041158536585365856,0.07871720116618076,0.12274612429463269,0.10092425155716295,1.0,0.12334801762114538,0.2196078431372549,0,199,grouped_event_think_true,0.7
all,grouped_event_think_true@0.80,237,656,2.7679324894514767,10,30,0.12658227848101267,0.9,0.041158536585365856,0.07871720116618076,0.12274612429463269,0.10092425155716295,1.0,0.12334801762114538,0.2196078431372549,0,199,grouped_event_think_true,0.8
all,grouped_event_think_true@0.90,237,656,2.7679324894514767,10,30,0.12658227848101267,0.9,0.041158536585365856,0.07871720116618076,0.12274612429463269,0.10092425155716295,1.0,0.12334801762114538,0.2196078431372549,0,199,grouped_event_think_true,0.9
all,latent_candidate_v2_think_true_bad_schema@default_is_relevant,237,656,2.7679324894514767,10,14,0.05907172995780591,0.7857142857142857,0.01676829268292683,0.03283582089552239,0.01871033158616385,0.061744022503516176,1.0,0.04405286343612335,0.08438818565400844,0,217,latent_candidate_v2_think_true_bad_schema,default
all,latent_candidate_v2_think_true_bad_schema@0.05,237,656,2.7679324894514767,10,25,0.10548523206751055,0.52,0.019817073170731708,0.0381791483113069,0.023120782332270294,0.0620253164556962,0.9473684210526315,0.07929515418502203,0.14634146341463414,1,209,latent_candidate_v2_think_true_bad_schema,0.05
all,latent_candidate_v2_think_true_bad_schema@0.10,237,656,2.7679324894514767,10,25,0.10548523206751055,0.52,0.019817073170731708,0.0381791483113069,0.023120782332270294,0.0620253164556962,0.9473684210526315,0.07929515418502203,0.14634146341463414,1,209,latent_candidate_v2_think_true_bad_schema,0.1
all,latent_candidate_v2_think_true_bad_schema@0.15,237,656,2.7679324894514767,10,25,0.10548523206751055,0.52,0.019817073170731708,0.0381791483113069,0.023120782332270294,0.0620253164556962,0.9473684210526315,0.07929515418502203,0.14634146341463414,1,209,latent_candidate_v2_think_true_bad_schema,0.15
all,latent_candidate_v2_think_true_bad_schema@0.20,237,656,2.7679324894514767,10,25,0.10548523206751055,0.52,0.019817073170731708,0.0381791483113069,0.023120782332270294,0.0620253164556962,0.9473684210526315,0.07929515418502203,0.14634146341463414,1,209,latent_candidate_v2_think_true_bad_schema,0.2
all,latent_candidate_v2_think_true_bad_schema@0.25,237,656,2.7679324894514767,10,25,0.10548523206751055,0.52,0.019817073170731708,0.0381791483113069,0.023120782332270294,0.0620253164556962,0.9473684210526315,0.07929515418502203,0.14634146341463414,1,209,latent_candidate_v2_think_true_bad_schema,0.25
all,latent_candidate_v2_think_true_bad_schema@0.30,237,656,2.7679324894514767,10,25,0.10548523206751055,0.52,0.019817073170731708,0.0381791483113069,0.023120782332270294,0.0620253164556962,0.9473684210526315,0.07929515418502203,0.14634146341463414,1,209,latent_candidate_v2_think_true_bad_schema,0.3
all,latent_candidate_v2_think_true_bad_schema@0.35,237,656,2.7679324894514767,10,20,0.08438818565400844,0.55,0.01676829268292683,0.03254437869822485,0.015594242571847479,0.06476793248945148,1.0,0.07488986784140969,0.13934426229508196,0,210,latent_candidate_v2_think_true_bad_schema,0.35
all,latent_candidate_v2_think_true_bad_schema@0.40,237,656,2.7679324894514767,10,20,0.08438818565400844,0.55,0.01676829268292683,0.03254437869822485,0.015594242571847479,0.06476793248945148,1.0,0.07488986784140969,0.13934426229508196,0,210,latent_candidate_v2_think_true_bad_schema,0.4
all,latent_candidate_v2_think_true_bad_schema@0.45,237,656,2.7679324894514767,10,20,0.08438818565400844,0.55,0.01676829268292683,0.03254437869822485,0.015594242571847479,0.06476793248945148,1.0,0.07488986784140969,0.13934426229508196,0,210,latent_candidate_v2_think_true_bad_schema,0.45
all,latent_candidate_v2_think_true_bad_schema@0.50,237,656,2.7679324894514767,10,20,0.08438818565400844,0.55,0.01676829268292683,0.03254437869822485,0.015594242571847479,0.06476793248945148,1.0,0.07488986784140969,0.13934426229508196,0,210,latent_candidate_v2_think_true_bad_schema,0.5
all,latent_candidate_v2_think_true_bad_schema@0.55,237,656,2.7679324894514767,10,20,0.08438818565400844,0.55,0.01676829268292683,0.03254437869822485,0.015594242571847479,0.06476793248945148,1.0,0.07488986784140969,0.13934426229508196,0,210,latent_candidate_v2_think_true_bad_schema,0.55
all,latent_candidate_v2_think_true_bad_schema@0.60,237,656,2.7679324894514767,10,20,0.08438818565400844,0.55,0.01676829268292683,0.03254437869822485,0.015594242571847479,0.06476793248945148,1.0,0.07488986784140969,0.13934426229508196,0,210,latent_candidate_v2_think_true_bad_schema,0.6
all,latent_candidate_v2_think_true_bad_schema@0.70,237,656,2.7679324894514767,10,0,0.0,0.0,0.0,0.0,0.0,0.04219409282700422,0.0,0.0,0.0,0,227,latent_candidate_v2_think_true_bad_schema,0.7
all,latent_candidate_v2_think_true_bad_schema@0.80,237,656,2.7679324894514767,10,0,0.0,0.0,0.0,0.0,0.0,0.04219409282700422,0.0,0.0,0.0,0,227,latent_candidate_v2_think_true_bad_schema,0.8
all,latent_candidate_v2_think_true_bad_schema@0.90,237,656,2.7679324894514767,10,0,0.0,0.0,0.0,0.0,0.0,0.04219409282700422,0.0,0.0,0.0,0,227,latent_candidate_v2_think_true_bad_schema,0.9
all,latent_candidate_v3_think_true@default_is_relevant,237,656,2.7679324894514767,10,305,1.2869198312236287,0.6065573770491803,0.2820121951219512,0.3850156087408949,0.26521253791750743,0.3272291936848898,0.9698795180722891,0.7092511013215859,0.8193384223918575,5,66,latent_candidate_v3_think_true,default
all,latent_candidate_v3_think_true@0.05,237,656,2.7679324894514767,10,429,1.8101265822784811,0.5384615384615384,0.3521341463414634,0.4258064516129032,0.26952160666479924,0.37868589450867923,0.9578059071729957,1.0,0.978448275862069,10,0,latent_candidate_v3_think_true,0.05
all,latent_candidate_v3_think_true@0.10,237,656,2.7679324894514767,10,429,1.8101265822784811,0.5384615384615384,0.3521341463414634,0.4258064516129032,0.26952160666479924,0.37868589450867923,0.9578059071729957,1.0,0.978448275862069,10,0,latent_candidate_v3_think_true,0.1
all,latent_candidate_v3_think_true@0.15,237,656,2.7679324894514767,10,429,1.8101265822784811,0.5384615384615384,0.3521341463414634,0.4258064516129032,0.26952160666479924,0.37868589450867923,0.9578059071729957,1.0,0.978448275862069,10,0,latent_candidate_v3_think_true,0.15
all,latent_candidate_v3_think_true@0.20,237,656,2.7679324894514767,10,429,1.8101265822784811,0.5384615384615384,0.3521341463414634,0.4258064516129032,0.26952160666479924,0.37868589450867923,0.9578059071729957,1.0,0.978448275862069,10,0,latent_candidate_v3_think_true,0.2
all,latent_candidate_v3_think_true@0.25,237,656,2.7679324894514767,10,429,1.8101265822784811,0.5384615384615384,0.3521341463414634,0.4258064516129032,0.26952160666479924,0.37868589450867923,0.9578059071729957,1.0,0.978448275862069,10,0,latent_candidate_v3_think_true,0.25
all,latent_candidate_v3_think_true@0.30,237,656,2.7679324894514767,10,429,1.8101265822784811,0.5384615384615384,0.3521341463414634,0.4258064516129032,0.26952160666479924,0.37868589450867923,0.9578059071729957,1.0,0.978448275862069,10,0,latent_candidate_v3_think_true,0.3
all,latent_candidate_v3_think_true@0.35,237,656,2.7679324894514767,10,332,1.40084388185654,0.608433734939759,0.3079268292682927,0.4089068825910931,0.25886155934535404,0.3655180496952649,0.958904109589041,0.9251101321585903,0.9417040358744395,9,17,latent_candidate_v3_think_true,0.35
all,latent_candidate_v3_think_true@0.40,237,656,2.7679324894514767,10,332,1.40084388185654,0.608433734939759,0.3079268292682927,0.4089068825910931,0.25886155934535404,0.3655180496952649,0.958904109589041,0.9251101321585903,0.9417040358744395,9,17,latent_candidate_v3_think_true,0.4
all,latent_candidate_v3_think_true@0.45,237,656,2.7679324894514767,10,327,1.379746835443038,0.6146788990825688,0.30640243902439024,0.40895218718209564,0.2554739974240338,0.36576920500971133,0.958904109589041,0.9251101321585903,0.9417040358744395,9,17,latent_candidate_v3_think_true,0.45
all,latent_candidate_v3_think_true@0.50,237,656,2.7679324894514767,10,327,1.379746835443038,0.6146788990825688,0.30640243902439024,0.40895218718209564,0.2554739974240338,0.36576920500971133,0.958904109589041,0.9251101321585903,0.9417040358744395,9,17,latent_candidate_v3_think_true,0.5
all,latent_candidate_v3_think_true@0.55,237,656,2.7679324894514767,10,327,1.379746835443038,0.6146788990825688,0.30640243902439024,0.40895218718209564,0.2554739974240338,0.36576920500971133,0.958904109589041,0.9251101321585903,0.9417040358744395,9,17,latent_candidate_v3_think_true,0.55
all,latent_candidate_v3_think_true@0.60,237,656,2.7679324894514767,10,327,1.379746835443038,0.6146788990825688,0.30640243902439024,0.40895218718209564,0.2554739974240338,0.36576920500971133,0.958904109589041,0.9251101321585903,0.9417040358744395,9,17,latent_candidate_v3_think_true,0.6
all,latent_candidate_v3_think_true@0.70,237,656,2.7679324894514767,10,38,0.16033755274261605,0.8947368421052632,0.051829268292682924,0.09798270893371758,0.11144909337329059,0.11056861563190676,1.0,0.14537444933920704,0.25384615384615383,0,194,latent_candidate_v3_think_true,0.7
all,latent_candidate_v3_think_true@0.80,237,656,2.7679324894514767,10,37,0.15611814345991562,0.8918918918918919,0.05030487804878049,0.09523809523809523,0.11065249800009111,0.1098653807514567,1.0,0.14537444933920704,0.25384615384615383,0,194,latent_candidate_v3_think_true,0.8
all,latent_candidate_v3_think_true@0.90,237,656,2.7679324894514767,10,34,0.14345991561181434,0.9117647058823529,0.04725609756097561,0.08985507246376812,0.09703622921140852,0.10825798673899939,1.0,0.14537444933920704,0.25384615384615383,0,194,latent_candidate_v3_think_true,0.9
