dataset_row_id,title,gold,pred,tp,fp,fn,n_fp,n_fn,n_gold,n_pred
396,ФАС выявила сговор на торгах по поставке жизненно важных лекарств,life_expectancy;real_income_index;hospitals;consumer_price_index;industrial_production_index;enterprises_count;crime_count,consumer_price_index,consumer_price_index,,crime_count;enterprises_count;hospitals;industrial_production_index;life_expectancy;real_income_index,0,6,7,1
946,"Суд запретил экс-предправления московского банка ""Легион"" Сокеркину выезжать из РФ",per_capita_income;real_income_index;industrial_production_index;enterprises_count;crime_count,international_outflow,,international_outflow,crime_count;enterprises_count;industrial_production_index;per_capita_income;real_income_index,1,5,5,1
654,Правительство сохранило статус государственных научных центров за 43 организациями,per_capita_income;real_income_index;hospitals;qualified_doctors;consumer_price_index;industrial_production_index;enterprises_count,qualified_doctors;enterprises_count,enterprises_count;qualified_doctors,,consumer_price_index;hospitals;industrial_production_index;per_capita_income;real_income_index,0,5,7,2
247,В I чтении принят проект об увеличении сроков геологоразведки для двух районов ХМАО,population_size;per_capita_income;real_income_index;consumer_price_index;industrial_production_index;enterprises_count,industrial_production_index,industrial_production_index,,consumer_price_index;enterprises_count;per_capita_income;population_size;real_income_index,0,5,6,1
599,Рубль утром понижается в паре с юанем перед пятничным заседанием ЦБ РФ по ставке,per_capita_income;real_income_index;consumer_price_index;industrial_production_index;enterprises_count;crime_count,consumer_price_index,consumer_price_index,,crime_count;enterprises_count;industrial_production_index;per_capita_income;real_income_index,0,5,6,1
273,КТК сообщил о повреждении выносного причала N2 в результате террористической атаки,life_expectancy;industrial_production_index;enterprises_count;crime_count;mortality_rate,crime_count;air_pollution;wastewater_discharge,crime_count,air_pollution;wastewater_discharge,enterprises_count;industrial_production_index;life_expectancy;mortality_rate,2,4,5,3
9,В посольстве РФ рассказали о планах Британии отказаться от российского урана к 2028 году,per_capita_income;industrial_production_index;enterprises_count;air_pollution,international_inflow;international_outflow,,international_inflow;international_outflow,air_pollution;enterprises_count;industrial_production_index;per_capita_income,2,4,4,2
341,Введение санкций США в отношении сербской энергокомпании NIS отложено на 30 дней,per_capita_income;industrial_production_index;enterprises_count;air_pollution,international_inflow;international_outflow,,international_inflow;international_outflow,air_pollution;enterprises_count;industrial_production_index;per_capita_income,2,4,4,2
892,"Премьер Эстонии заявил, что НАТО увеличит свое присутствие в Балтийском море",life_expectancy;consumer_price_index;industrial_production_index;crime_count,international_inflow;international_outflow,,international_inflow;international_outflow,consumer_price_index;crime_count;industrial_production_index;life_expectancy,2,4,4,2
399,"СКР проводит выемку документов в авиакомпании ""Ангара"" после крушения Ан-24",life_expectancy;unemployment_rate;industrial_production_index;enterprises_count;crime_count;wastewater_discharge;mortality_rate,life_expectancy;hospitals;crime_count;mortality_rate,crime_count;life_expectancy;mortality_rate,hospitals,enterprises_count;industrial_production_index;unemployment_rate;wastewater_discharge,1,4,7,4
466,"Фондовые рынки Европы выросли вслед за акциями оборонных компаний, Stoxx Europe 600 обновил рекорд",real_income_index;consumer_price_index;enterprises_count;crime_count;air_pollution,industrial_production_index;enterprises_count,enterprises_count,industrial_production_index,air_pollution;consumer_price_index;crime_count;real_income_index,1,4,5,2
897,"Подведена дорога к севшему на мель танкеру ""Волгонефть 239"" в Керченском проливе",life_expectancy;consumer_price_index;industrial_production_index;air_pollution;wastewater_discharge,crime_count;wastewater_discharge,wastewater_discharge,crime_count,air_pollution;consumer_price_index;industrial_production_index;life_expectancy,1,4,5,2
187,"Запрет на импорт в ЕС очищенных нефтепродуктов из нефти РФ не коснется США, Британии, Канады и Норвегии",internal_departures;consumer_price_index;industrial_production_index;air_pollution,international_inflow,,international_inflow,air_pollution;consumer_price_index;industrial_production_index;internal_departures,1,4,4,1
727,"Орбан посоветовал ЕС вкладывать деньги в свою экономику, а не тратить на Украину",per_capita_income;real_income_index;living_wage;consumer_price_index,international_outflow,,international_outflow,consumer_price_index;living_wage;per_capita_income;real_income_index,1,4,4,1
847,Президентский указ вводит государство в орган управления ДОСААФ,population_size;male_population;industrial_production_index;enterprises_count,international_inflow,,international_inflow,enterprises_count;industrial_production_index;male_population;population_size,1,4,4,1
864,Госдума приняла закон о дистанционном открытии счетов в рамках ЭПР,per_capita_income;real_income_index;enterprises_count;crime_count,consumer_price_index,,consumer_price_index,crime_count;enterprises_count;per_capita_income;real_income_index,1,4,4,1
168,Минстрой оценил в 415 млрд рублей просроченную задолженность за ЖКУ в РФ,real_income_index;living_wage;housing_area_per_capita;consumer_price_index;industrial_production_index;enterprises_count;wastewater_discharge,housing_area_per_capita;consumer_price_index;wastewater_discharge,consumer_price_index;housing_area_per_capita;wastewater_discharge,,enterprises_count;industrial_production_index;living_wage;real_income_index,0,4,7,3
207,Более 160 тонн загрязненного мазутом грунта вывезли с пляжей Севастополя,life_expectancy;hospitals;industrial_production_index;air_pollution;wastewater_discharge;mortality_rate,air_pollution;wastewater_discharge,air_pollution;wastewater_discharge,,hospitals;industrial_production_index;life_expectancy;mortality_rate,0,4,6,2
329,"Мужчине, пытавшемуся отравить 70 летчиков РФ, ужесточили приговор до пожизненного",life_expectancy;male_population;consumer_price_index;industrial_production_index;crime_count;mortality_rate,crime_count;mortality_rate,crime_count;mortality_rate,,consumer_price_index;industrial_production_index;life_expectancy;male_population,0,4,6,2
362,"Рынок акций РФ открылся в утреннюю сессию снижением индекса IMOEX2 на 0,9%",per_capita_income;real_income_index;consumer_price_index;industrial_production_index;enterprises_count;mortality_rate,consumer_price_index;industrial_production_index,consumer_price_index;industrial_production_index,,enterprises_count;mortality_rate;per_capita_income;real_income_index,0,4,6,2
383,"Нефть ускорила рост, Brent подорожала до $65,72 за баррель",life_expectancy;real_income_index;consumer_price_index;industrial_production_index;enterprises_count;air_pollution,consumer_price_index;industrial_production_index,consumer_price_index;industrial_production_index,,air_pollution;enterprises_count;life_expectancy;real_income_index,0,4,6,2
214,РСА определил 10 регионов с максимальной долей судебных издержек по ОСАГО,life_expectancy;per_capita_income;enterprises_count;crime_count;mortality_rate,crime_count,crime_count,,enterprises_count;life_expectancy;mortality_rate;per_capita_income,0,4,5,1
943,Аналитики прогнозируют сохранение ставки ЦБ РФ на уровне 21%,per_capita_income;real_income_index;consumer_price_index;industrial_production_index;enterprises_count,consumer_price_index,consumer_price_index,,enterprises_count;industrial_production_index;per_capita_income;real_income_index,0,4,5,1
278,Себестоимость строительства многоквартирных домов вырастет в 2025 году более чем на 6%,per_capita_income;real_income_index;housing_area_per_capita;consumer_price_index;primary_housing_price_index,population_size;hospitals;large_families_housing;consumer_price_index;primary_housing_price_index;industrial_production_index,consumer_price_index;primary_housing_price_index,hospitals;industrial_production_index;large_families_housing;population_size,housing_area_per_capita;per_capita_income;real_income_index,4,3,5,6
65,Жители двух белгородских сел остались без света после атаки дронов ВСУ,life_expectancy;industrial_production_index;crime_count;mortality_rate,hospitals;housing_area_per_capita;crime_count;air_pollution,crime_count,air_pollution;hospitals;housing_area_per_capita,industrial_production_index;life_expectancy;mortality_rate,3,3,4,4
791,"Самозапрет на кредиты оформили на ""Госуслугах"" 13,5 млн россиян",per_capita_income;real_income_index;housing_area_per_capita;industrial_production_index,international_inflow;per_capita_income;consumer_price_index;enterprises_count,per_capita_income,consumer_price_index;enterprises_count;international_inflow,housing_area_per_capita;industrial_production_index;real_income_index,3,3,4,4
809,ЛЭП и здание предприятия повреждены атаками ВСУ в Белгородской области,life_expectancy;housing_area_per_capita;industrial_production_index;enterprises_count;crime_count,hospitals;industrial_production_index;crime_count;air_pollution,crime_count;industrial_production_index,air_pollution;hospitals,enterprises_count;housing_area_per_capita;life_expectancy,2,3,5,4
91,На подлете к Севастополю сбито три воздушные цели,life_expectancy;industrial_production_index;crime_count;mortality_rate,hospitals;crime_count;air_pollution,crime_count,air_pollution;hospitals,industrial_production_index;life_expectancy;mortality_rate,2,3,4,3
70,Число алиментных соглашений в 2024 году увеличилось на 21%,divorce_rate;marriage_rate;children_benefits,child_living_wage;consumer_price_index,,child_living_wage;consumer_price_index,children_benefits;divorce_rate;marriage_rate,2,3,3,2
324,"""Аэрофлот"" 1 марта отменяет рейсы в Дубай и Абу-Даби",life_expectancy;crime_count;mortality_rate,international_inflow;international_outflow,,international_inflow;international_outflow,crime_count;life_expectancy;mortality_rate,2,3,3,2
562,Трамп с Си Цзиньпином обсудили украинское урегулирование,real_income_index;consumer_price_index;industrial_production_index,international_inflow;international_outflow,,international_inflow;international_outflow,consumer_price_index;industrial_production_index;real_income_index,2,3,3,2
939,В Орловской области после атаки БПЛА произошло возгорание на объектах ТЭК,life_expectancy;crime_count;mortality_rate,industrial_production_index;air_pollution,,air_pollution;industrial_production_index,crime_count;life_expectancy;mortality_rate,2,3,3,2
899,МЧС поставит в Белгородскую область 176 передвижных электростанций,life_expectancy;hospitals;housing_area_per_capita;industrial_production_index;crime_count;wastewater_discharge,hospitals;industrial_production_index;crime_count;air_pollution,crime_count;hospitals;industrial_production_index,air_pollution,housing_area_per_capita;life_expectancy;wastewater_discharge,1,3,6,4
92,"Суд по иску конкурсного управляющего российского ""Гугла"" взыскал с Google Ireland Limited 101,6 млрд руб.",per_capita_income;real_income_index;industrial_production_index;enterprises_count,consumer_price_index;enterprises_count,enterprises_count,consumer_price_index,industrial_production_index;per_capita_income;real_income_index,1,3,4,2
274,"Индия может снизить пошлины на импорт, включая автомобили и химикаты",hospitals;consumer_price_index;industrial_production_index;wastewater_discharge,international_inflow;consumer_price_index,consumer_price_index,international_inflow,hospitals;industrial_production_index;wastewater_discharge,1,3,4,2
306,"МИД РФ осудил атаку на танкеры, зафрахтованные для перевозки казахстанской нефти",life_expectancy;industrial_production_index;enterprises_count;crime_count,international_outflow;industrial_production_index,industrial_production_index,international_outflow,crime_count;enterprises_count;life_expectancy,1,3,4,2
351,"ЦИК РФ введет ГАС ""Выборы"" версии 2.0 в постоянную эксплуатацию с 6 февраля",per_capita_income;real_income_index;consumer_price_index;industrial_production_index,industrial_production_index;enterprises_count,industrial_production_index,enterprises_count,consumer_price_index;per_capita_income;real_income_index,1,3,4,2
555,Президент РФ назвал пиратством атаки Украины на суда в Черном море,life_expectancy;industrial_production_index;enterprises_count;crime_count,international_outflow;crime_count,crime_count,international_outflow,enterprises_count;industrial_production_index;life_expectancy,1,3,4,2
801,"Сбербанк в ноябре нарастил корпоративные кредиты по РСБУ на 0,4%",per_capita_income;real_income_index;housing_area_per_capita;industrial_production_index,industrial_production_index;enterprises_count,industrial_production_index,enterprises_count,housing_area_per_capita;per_capita_income;real_income_index,1,3,4,2
147,"ЕС расширил санкции против платежных сервисов, в том числе СБП и карт ""Мир""",consumer_price_index;industrial_production_index;enterprises_count,international_inflow,,international_inflow,consumer_price_index;enterprises_count;industrial_production_index,1,3,3,1
573,Глава Роспотребнадзора рассказала про зарубежный интерес к противоэпидемическим разработкам РФ,per_capita_income;living_wage;qualified_doctors,international_inflow,,international_inflow,living_wage;per_capita_income;qualified_doctors,1,3,3,1
717,"Более 87% детей иностранцев, подавших заявки, не зачислены в российские школы в 2025",life_expectancy;preschool_coverage;enterprises_count,international_inflow,,international_inflow,enterprises_count;life_expectancy;preschool_coverage,1,3,3,1
887,В ЕС предложили создать фонд добровольной военной помощи Украине,industrial_production_index;enterprises_count;crime_count,international_inflow,,international_inflow,crime_count;enterprises_count;industrial_production_index,1,3,3,1
199,Потери бюджета из-за нелегального табака оценены в 150 млрд рублей в год,per_capita_income;real_income_index;housing_area_per_capita;consumer_price_index;enterprises_count;crime_count,consumer_price_index;enterprises_count;crime_count,consumer_price_index;crime_count;enterprises_count,,housing_area_per_capita;per_capita_income;real_income_index,0,3,6,3
381,СК России возбудил уголовное дело по факту гибели подростка в Подмосковье,infant_mortality;life_expectancy;unemployment_rate;hospitals;crime_count;mortality_rate,hospitals;crime_count;mortality_rate,crime_count;hospitals;mortality_rate,,infant_mortality;life_expectancy;unemployment_rate,0,3,6,3
355,Инвесторам в МТОР в ДФО компенсируют до 100% ставки ЦБ по инфраструктурным кредитам,per_capita_income;real_income_index;consumer_price_index;industrial_production_index;enterprises_count,industrial_production_index;enterprises_count,enterprises_count;industrial_production_index,,consumer_price_index;per_capita_income;real_income_index,0,3,5,2
378,"Cochilco повысила прогноз цен на медь до $4,45 за фунт в 2025 году и до $4,55 в 2026 году",life_expectancy;real_income_index;consumer_price_index;industrial_production_index;enterprises_count,consumer_price_index;industrial_production_index,consumer_price_index;industrial_production_index,,enterprises_count;life_expectancy;real_income_index,0,3,5,2
380,Рынок акций РФ в среду упал ниже 2700п по индексу МосБиржи на опасениях новых санкций,per_capita_income;real_income_index;consumer_price_index;industrial_production_index;enterprises_count,consumer_price_index;industrial_production_index,consumer_price_index;industrial_production_index,,enterprises_count;per_capita_income;real_income_index,0,3,5,2
694,Мишустин пообещал стимулировать спрос на разработки в станкостроении для поддержки отрасли,per_capita_income;real_income_index;housing_area_per_capita;industrial_production_index;enterprises_count,industrial_production_index;enterprises_count,enterprises_count;industrial_production_index,,housing_area_per_capita;per_capita_income;real_income_index,0,3,5,2
54,Срок предоставления рыбных инвестквот предлагается продлить с 15 до 20 лет,per_capita_income;real_income_index;industrial_production_index;enterprises_count,industrial_production_index,industrial_production_index,,enterprises_count;per_capita_income;real_income_index,0,3,4,1
121,Проект о передаче под контроль ЦБ регулирования сервисов покупок в рассрочку принят в I чтении,per_capita_income;real_income_index;consumer_price_index;enterprises_count,consumer_price_index,consumer_price_index,,enterprises_count;per_capita_income;real_income_index,0,3,4,1
376,Эквадор готов принять российских проверяющих для аудита производителей бананов,industrial_production_index;enterprises_count;air_pollution;wastewater_discharge,industrial_production_index,industrial_production_index,,air_pollution;enterprises_count;wastewater_discharge,0,3,4,1
412,"Частный акционер остался во главе совета директоров ""Петербургского нефтетерминала""",industrial_production_index;enterprises_count;crime_count;air_pollution,enterprises_count,enterprises_count,,air_pollution;crime_count;industrial_production_index,0,3,4,1
506,ЦБ 2 сентября проведет пресс-конференцию Заботкина по проекту основных направлений ДКП,per_capita_income;real_income_index;consumer_price_index;enterprises_count,consumer_price_index,consumer_price_index,,enterprises_count;per_capita_income;real_income_index,0,3,4,1
564,"Brent подешевела до $76,38 за баррель",international_outflow;real_income_index;consumer_price_index;industrial_production_index,industrial_production_index,industrial_production_index,,consumer_price_index;international_outflow;real_income_index,0,3,4,1
596,Цены на российских АЗС значительно выросли в новогодние каникулы,real_income_index;consumer_price_index;industrial_production_index;enterprises_count,consumer_price_index,consumer_price_index,,enterprises_count;industrial_production_index;real_income_index,0,3,4,1
377,Три человека погибли от отравления угарным газом в Дагестане,life_expectancy;industrial_production_index;mortality_rate,hospitals;crime_count;air_pollution;mortality_rate,mortality_rate,air_pollution;crime_count;hospitals,industrial_production_index;life_expectancy,3,2,3,4
868,"Режим ЧС введен на месте пожара в Каменске-Шахтинском, где сгорели дома",life_expectancy;per_capita_income;housing_area_per_capita,hospitals;housing_area_per_capita;crime_count;air_pollution,housing_area_per_capita,air_pollution;crime_count;hospitals,life_expectancy;per_capita_income,3,2,3,4
152,"В Туле оцепили часть улицы, где найдены опасные обломки БПЛА",life_expectancy;housing_area_per_capita;crime_count;mortality_rate,life_expectancy;hospitals;crime_count;air_pollution,crime_count;life_expectancy,air_pollution;hospitals,housing_area_per_capita;mortality_rate,2,2,4,4
858,В Удмуртии отменили введенный после атаки БПЛА в Ижевске режим ЧС,life_expectancy;enterprises_count;crime_count;mortality_rate,hospitals;industrial_production_index;crime_count;mortality_rate,crime_count;mortality_rate,hospitals;industrial_production_index,enterprises_count;life_expectancy,2,2,4,4
723,Закон о штрафах до 500 тыс. руб. за продажу детям энергетиков принят Госдумой,life_expectancy;industrial_production_index;crime_count,infant_mortality;child_living_wage;crime_count,crime_count,child_living_wage;infant_mortality,industrial_production_index;life_expectancy,2,2,3,3
790,Зерноград в Ростовской области остался без воды из-за аварии,life_expectancy;housing_area_per_capita;wastewater_discharge,hospitals;industrial_production_index;wastewater_discharge,wastewater_discharge,hospitals;industrial_production_index,housing_area_per_capita;life_expectancy,2,2,3,3
829,Медсправки для водителей останутся в прежнем формате до 2027 года,life_expectancy;hospitals;outpatient_clinics,hospitals;qualified_doctors;industrial_production_index,hospitals,industrial_production_index;qualified_doctors,life_expectancy;outpatient_clinics,2,2,3,3
120,"Каллас предложила меры против танкеров, перевозящих нефть РФ, вне санкционных пакетов",consumer_price_index;industrial_production_index,international_inflow;international_outflow,,international_inflow;international_outflow,consumer_price_index;industrial_production_index,2,2,2,2
524,Путин назвал отношения с Трампом деловыми и доверительными,consumer_price_index;industrial_production_index,international_inflow;international_outflow,,international_inflow;international_outflow,consumer_price_index;industrial_production_index,2,2,2,2
572,В Роспотребнадзоре назвали стабильной ситуацию с менингококковой инфекцией в РФ,international_inflow;life_expectancy,air_pollution;mortality_rate,,air_pollution;mortality_rate,international_inflow;life_expectancy,2,2,2,2
157,"""СПБ биржа"" сообщила о регуляторных сложностях с запуском торгов заблокированными акциями",real_income_index;consumer_price_index;industrial_production_index;enterprises_count,industrial_production_index;enterprises_count;crime_count,enterprises_count;industrial_production_index,crime_count,consumer_price_index;real_income_index,1,2,4,3
161,"МВФ снизил прогноз роста ВВП РФ на 2025 год до 0,9%",real_income_index;consumer_price_index;industrial_production_index;enterprises_count,unemployment_rate;consumer_price_index;industrial_production_index,consumer_price_index;industrial_production_index,unemployment_rate,enterprises_count;real_income_index,1,2,4,3
290,"Квартальная выручка УК сети клиник ""Мать и дитя"" выросла на 40,3%",hospitals;qualified_doctors;enterprises_count;birth_rate_per_1000,hospitals;outpatient_clinics;qualified_doctors,hospitals;qualified_doctors,outpatient_clinics,birth_rate_per_1000;enterprises_count,1,2,4,3
302,В Туле после гибели пяти человек в октябрьской аварии трамвая возбудили дело о халатности,life_expectancy;industrial_production_index;crime_count;mortality_rate,hospitals;crime_count;mortality_rate,crime_count;mortality_rate,hospitals,industrial_production_index;life_expectancy,1,2,4,3
560,"Военные РФ сообщили, что ВСУ ночью атаковали энергообъект на Кубани, обеспечивающий перевалку нефти в КТК",life_expectancy;industrial_production_index;enterprises_count;crime_count,industrial_production_index;crime_count;air_pollution,crime_count;industrial_production_index,air_pollution,enterprises_count;life_expectancy,1,2,4,3
843,"""Объединенные пивоварни"" сменили название на ""Пивоварни Бочкарев""",housing_area_per_capita;consumer_price_index;industrial_production_index;enterprises_count,per_capita_income;industrial_production_index;enterprises_count,enterprises_count;industrial_production_index,per_capita_income,consumer_price_index;housing_area_per_capita,1,2,4,3
204,Китай в ноябре неожиданно снизил импорт газа на фоне подорожания СПГ,real_income_index;consumer_price_index;industrial_production_index,international_inflow;industrial_production_index,industrial_production_index,international_inflow,consumer_price_index;real_income_index,1,2,3,2
267,Доля крупнейших банков на аукционах ОФЗ в августе упала до минимума в 2025 г.,per_capita_income;real_income_index;enterprises_count,consumer_price_index;enterprises_count,enterprises_count,consumer_price_index,per_capita_income;real_income_index,1,2,3,2
317,Владельцы пострадавших от атаки БПЛА домов в Анапе получат помощь властей,life_expectancy;housing_area_per_capita;crime_count,hospitals;crime_count,crime_count,hospitals,housing_area_per_capita;life_expectancy,1,2,3,2
472,Жители Ингушетии получили 25 лет на двоих за подготовку к диверсии,life_expectancy;crime_count;birth_rate_per_1000,crime_count;mortality_rate,crime_count,mortality_rate,birth_rate_per_1000;life_expectancy,1,2,3,2
486,Аэропорт Самары возобновил прием и выпуск рейсов,internal_arrivals;internal_departures;industrial_production_index,international_inflow;industrial_production_index,industrial_production_index,international_inflow,internal_arrivals;internal_departures,1,2,3,2
549,"""Газпром"" зафиксировал объем размещения флоатера на уровне 40 млрд рублей",per_capita_income;industrial_production_index;enterprises_count,consumer_price_index;industrial_production_index,industrial_production_index,consumer_price_index,enterprises_count;per_capita_income,1,2,3,2
837,ЕС продлил санкции против РФ на полгода,industrial_production_index;enterprises_count;air_pollution,international_outflow;industrial_production_index,industrial_production_index,international_outflow,air_pollution;enterprises_count,1,2,3,2
80,Президент Сирии аш-Шараа прибыл в Россию,unemployment_rate;industrial_production_index,international_inflow,,international_inflow,industrial_production_index;unemployment_rate,1,2,2,1
81,Роспотребнадзор не исключил роста заболеваемости геморрагической лихорадкой в РФ,life_expectancy;industrial_production_index,mortality_rate,,mortality_rate,industrial_production_index;life_expectancy,1,2,2,1
115,Лавров 17 июня встретится в Москве с главой МИД Индонезии,life_expectancy;consumer_price_index,international_inflow,,international_inflow,consumer_price_index;life_expectancy,1,2,2,1
561,Госдума утвердила состав делегации для переговоров с конгрессменами США,industrial_production_index;enterprises_count,international_inflow,,international_inflow,enterprises_count;industrial_production_index,1,2,2,1
781,Начальные классы перевели на дистант из-за морозов в Воронеже,preschool_coverage;enterprises_count,air_pollution,,air_pollution,enterprises_count;preschool_coverage,1,2,2,1
859,"Россия задействовала авиацию и атомную подлодку на учении ""Запад-2025"" в Баренцевом море",consumer_price_index;wastewater_discharge,industrial_production_index,,industrial_production_index,consumer_price_index;wastewater_discharge,1,2,2,1
860,Путин 8 мая проведет переговоры с Си Цзиньпином,consumer_price_index;industrial_production_index,international_inflow,,international_inflow,consumer_price_index;industrial_production_index,1,2,2,1
715,В Волгореченске после атаки БПЛА школы и детские сады закрыли на сутки,life_expectancy;preschool_coverage;industrial_production_index;crime_count;mortality_rate,life_expectancy;preschool_coverage;crime_count,crime_count;life_expectancy;preschool_coverage,,industrial_production_index;mortality_rate,0,2,5,3
890,Количество пострадавших в ДТП в Тульской области увеличилось до 14,internal_departures;life_expectancy;hospitals;crime_count;mortality_rate,life_expectancy;hospitals;crime_count,crime_count;hospitals;life_expectancy,,internal_departures;mortality_rate,0,2,5,3
67,"Нефть усилила падение, Brent теряет 5,6% и торгуется у $70,8 за баррель",real_income_index;consumer_price_index;industrial_production_index;enterprises_count,consumer_price_index;industrial_production_index,consumer_price_index;industrial_production_index,,enterprises_count;real_income_index,0,2,4,2
117,"Бенефициар ""Облкоммунэнерго"" Алексей Бобров задержан в Екатеринбурге",per_capita_income;industrial_production_index;enterprises_count;crime_count,enterprises_count;crime_count,crime_count;enterprises_count,,industrial_production_index;per_capita_income,0,2,4,2
119,"Минэнерго ждет снижения добычи угля в 2025 г. в Кузбассе на 5-6%, если ситуация не изменится",real_income_index;consumer_price_index;industrial_production_index;enterprises_count,consumer_price_index;industrial_production_index,consumer_price_index;industrial_production_index,,enterprises_count;real_income_index,0,2,4,2
158,Brent остается в минусе и торгуется у $69 за баррель,real_income_index;consumer_price_index;industrial_production_index;enterprises_count,consumer_price_index;industrial_production_index,consumer_price_index;industrial_production_index,,enterprises_count;real_income_index,0,2,4,2
265,Хакеры могут спровоцировать в японской рознице дефицит самого популярного пива,consumer_price_index;industrial_production_index;enterprises_count;crime_count,consumer_price_index;industrial_production_index,consumer_price_index;industrial_production_index,,crime_count;enterprises_count,0,2,4,2
270,"Законопроект о ""периоде охлаждения"" в потребительском кредитовании прошел I чтение",per_capita_income;real_income_index;consumer_price_index;enterprises_count,per_capita_income;consumer_price_index,consumer_price_index;per_capita_income,,enterprises_count;real_income_index,0,2,4,2
282,"ВЭБ и ПСБ выдадут синдицированный кредит на 24 млрд руб. на электромобиль ""Атом""",per_capita_income;real_income_index;industrial_production_index;enterprises_count,industrial_production_index;enterprises_count,enterprises_count;industrial_production_index,,per_capita_income;real_income_index,0,2,4,2
319,Задержка движения поездов в Приамурье из-за схода вагона превысила девять часов,internal_departures;industrial_production_index;crime_count;wastewater_discharge,internal_departures;industrial_production_index,industrial_production_index;internal_departures,,crime_count;wastewater_discharge,0,2,4,2
340,Высшая квалификационная коллегия судей прекратила полномочия судьи Момотова,per_capita_income;real_income_index;consumer_price_index;crime_count,consumer_price_index;crime_count,consumer_price_index;crime_count,,per_capita_income;real_income_index,0,2,4,2
343,"Семейную налоговую выплату в 2026 г. получат 7,3 млн работающих родителей двух и более детей",per_capita_income;living_wage;children_benefits;industrial_production_index,per_capita_income;children_benefits,children_benefits;per_capita_income,,industrial_production_index;living_wage,0,2,4,2
404,Российские производители мяса озабочены резким ростом импорта курятины из Китая,real_income_index;consumer_price_index;industrial_production_index;enterprises_count,consumer_price_index;industrial_production_index,consumer_price_index;industrial_production_index,,enterprises_count;real_income_index,0,2,4,2
516,Роспотребнадзор не выявил в образцах рыбы из Черного моря несоответствия гигиеническим нормам,industrial_production_index;enterprises_count;air_pollution;wastewater_discharge,air_pollution;wastewater_discharge,air_pollution;wastewater_discharge,,enterprises_count;industrial_production_index,0,2,4,2
629,"""Новабев Групп"" в 2024 году снизила отгрузки алкогольной продукции на 4,2%",real_income_index;consumer_price_index;industrial_production_index;enterprises_count,consumer_price_index;industrial_production_index,consumer_price_index;industrial_production_index,,enterprises_count;real_income_index,0,2,4,2
657,Поиски пропавшего вертолета возобновились в Хабаровском крае,life_expectancy;enterprises_count;crime_count;mortality_rate,crime_count;mortality_rate,crime_count;mortality_rate,,enterprises_count;life_expectancy,0,2,4,2
774,"Котировки Brent замедлили рост до $81,34 за баррель",consumer_price_index;industrial_production_index;enterprises_count;crime_count,consumer_price_index;industrial_production_index,consumer_price_index;industrial_production_index,,crime_count;enterprises_count,0,2,4,2
780,"Brent подешевела до $68,24 за баррель",real_income_index;consumer_price_index;industrial_production_index;crime_count,consumer_price_index;industrial_production_index,consumer_price_index;industrial_production_index,,crime_count;real_income_index,0,2,4,2
867,"""АвтоВАЗ"" снизил план продаж Lada в феврале на 15%",per_capita_income;real_income_index;industrial_production_index;enterprises_count,industrial_production_index;enterprises_count,enterprises_count;industrial_production_index,,per_capita_income;real_income_index,0,2,4,2
966,Сводный индекс Stoxx Europe 600 обновил исторический максимум,real_income_index;consumer_price_index;industrial_production_index;enterprises_count,consumer_price_index;industrial_production_index,consumer_price_index;industrial_production_index,,enterprises_count;real_income_index,0,2,4,2
1,Путин поручил разработать план подъема двух затонувших в Черном море танкеров,industrial_production_index;air_pollution;wastewater_discharge,industrial_production_index,industrial_production_index,,air_pollution;wastewater_discharge,0,2,3,1
40,"""Газпром"" и ""ЛУКОЙЛ"" ликвидируют сбытовое СП ""Газ-Ойл Трейдинг""",industrial_production_index;enterprises_count;air_pollution,enterprises_count,enterprises_count,,air_pollution;industrial_production_index,0,2,3,1
72,В правительстве заявили о готовности предложить Китаю поставки авиакомплектующих,industrial_production_index;enterprises_count;crime_count,industrial_production_index,industrial_production_index,,crime_count;enterprises_count,0,2,3,1
83,В Петербурге легальным мигрантам запретили работать курьерами,international_inflow;unemployment_rate;enterprises_count,international_inflow,international_inflow,,enterprises_count;unemployment_rate,0,2,3,1
105,Инвестиции в нефтегазовый сектор Норвегии достигнут пика в 2025 г. и снизятся в 2026 г.,consumer_price_index;industrial_production_index;enterprises_count,industrial_production_index,industrial_production_index,,consumer_price_index;enterprises_count,0,2,3,1
183,Аэропорт Волгограда возобновил работу,internal_arrivals;internal_departures;industrial_production_index,industrial_production_index,industrial_production_index,,internal_arrivals;internal_departures,0,2,3,1
294,Решетников сообщил об упрощении визового режима для иностранных туристов,international_inflow;consumer_price_index;industrial_production_index,international_inflow,international_inflow,,consumer_price_index;industrial_production_index,0,2,3,1
349,"США, Европа и Украина планируют выстроить общую позицию на переговорах с Путиным",international_inflow;consumer_price_index;wastewater_discharge,international_inflow,international_inflow,,consumer_price_index;wastewater_discharge,0,2,3,1
446,Финтех-подразделение Ozon размещает ЦФА на 3 млрд рублей,per_capita_income;industrial_production_index;enterprises_count,enterprises_count,enterprises_count,,industrial_production_index;per_capita_income,0,2,3,1
468,Аэропорт Калуги возобновил работу,internal_arrivals;internal_departures;industrial_production_index,internal_arrivals,internal_arrivals,,industrial_production_index;internal_departures,0,2,3,1
558,Ведется опрос водителя фуры после атаки дронов в Иркутской области,life_expectancy;crime_count;mortality_rate,crime_count,crime_count,,life_expectancy;mortality_rate,0,2,3,1
749,Путин заявил о загрузке мощностей ОПК по максимуму,industrial_production_index;enterprises_count;crime_count,industrial_production_index,industrial_production_index,,crime_count;enterprises_count,0,2,3,1
771,"Патрушев предложил увеличить число портов в Арктике и на Дальнем Востоке, куда разрешен заход иностранных туристских судов",international_inflow;industrial_production_index;enterprises_count,international_inflow,international_inflow,,enterprises_count;industrial_production_index,0,2,3,1
24,Авария на водоканале оставила без воды около пяти тысяч жителей Саратова,life_expectancy;wastewater_discharge,population_size;hospitals;wastewater_discharge;mortality_rate,wastewater_discharge,hospitals;mortality_rate;population_size,life_expectancy,3,1,2,4
95,Военные заявили о продвижении в Запорожской и Днепропетровской областях,population_size,international_inflow;internal_arrivals;crime_count,,crime_count;internal_arrivals;international_inflow,population_size,3,1,1,3
16,Состояние пострадавших при ЧП в Курской области сотрудников РЖД удовлетворительное,life_expectancy;unemployment_rate;hospitals;industrial_production_index,life_expectancy;hospitals;industrial_production_index;wastewater_discharge;mortality_rate,hospitals;industrial_production_index;life_expectancy,mortality_rate;wastewater_discharge,unemployment_rate,2,1,4,5
84,Три человека погибли в аварии в Орловской области,life_expectancy;hospitals;mortality_rate;birth_rate_per_1000,life_expectancy;hospitals;children_benefits;crime_count;mortality_rate,hospitals;life_expectancy;mortality_rate,children_benefits;crime_count,birth_rate_per_1000,2,1,4,5
406,Жительница Грайворонского округа пострадала в результате атаки дрона,life_expectancy;industrial_production_index;crime_count;mortality_rate,life_expectancy;hospitals;crime_count;air_pollution;mortality_rate,crime_count;life_expectancy;mortality_rate,air_pollution;hospitals,industrial_production_index,2,1,4,5
442,Власти Кузбасса обсуждают с банками отсрочку гашения кредитов для угольщиков,per_capita_income;real_income_index;industrial_production_index;enterprises_count,per_capita_income;unemployment_rate;consumer_price_index;industrial_production_index;enterprises_count,enterprises_count;industrial_production_index;per_capita_income,consumer_price_index;unemployment_rate,real_income_index,2,1,4,5
684,"УК сети клиник ""Мать и дитя"" ожидает в 2025 году роста выручки на 28%",hospitals;qualified_doctors;industrial_production_index;enterprises_count,real_income_index;hospitals;consumer_price_index;industrial_production_index;enterprises_count,enterprises_count;hospitals;industrial_production_index,consumer_price_index;real_income_index,qualified_doctors,2,1,4,5
308,Пять жителей Горловки пострадали в результате боевых действий со стороны Украины,life_expectancy;crime_count;mortality_rate,international_inflow;hospitals;crime_count;mortality_rate,crime_count;mortality_rate,hospitals;international_inflow,life_expectancy,2,1,3,4
808,"Нанесён удар по заводу по производству БПЛА и энергообъектам, используемым в интересах ВПК Украины",life_expectancy;industrial_production_index;crime_count,industrial_production_index;enterprises_count;crime_count;air_pollution,crime_count;industrial_production_index,air_pollution;enterprises_count,life_expectancy,2,1,3,4
855,В России ожидают осуждения мировыми лидерами удара по селу в Херсонской области,life_expectancy;crime_count;mortality_rate,life_expectancy;hospitals;children_benefits;mortality_rate,life_expectancy;mortality_rate,children_benefits;hospitals,crime_count,2,1,3,4
107,Россия в 2025 году увеличила выручку от экспорта чая на 11%,industrial_production_index;enterprises_count,international_inflow;consumer_price_index;industrial_production_index,industrial_production_index,consumer_price_index;international_inflow,enterprises_count,2,1,2,3
421,"""Европлан"" может выплатить дивиденды за 9 месяцев в размере около 7 млрд руб.",per_capita_income;enterprises_count,consumer_price_index;industrial_production_index;enterprises_count,enterprises_count,consumer_price_index;industrial_production_index,per_capita_income,2,1,2,3
825,"ЗАЭС потеряла внешнее электроснабжение из-за отключения линии ""Днепровская""",industrial_production_index;enterprises_count,hospitals;consumer_price_index;industrial_production_index,industrial_production_index,consumer_price_index;hospitals,enterprises_count,2,1,2,3
906,"Мурашко заявил, что 25,4% населения РФ к 2030 г. составят люди в возрасте 60 лет и старше",population_size;hospitals,population_size;life_expectancy;qualified_doctors,population_size,life_expectancy;qualified_doctors,hospitals,2,1,2,3
93,"Минобороны РФ сообщило о продвижении группировки ""Восток"" в глубину обороны ВСУ",population_size,crime_count;mortality_rate,,crime_count;mortality_rate,population_size,2,1,1,2
359,"В ЕС призвали гарантировать Киеву отсутствие ограничений на военную поддержку, численность ВСУ",crime_count,international_inflow;international_outflow,,international_inflow;international_outflow,crime_count,2,1,1,2
613,Выборы в Госдуму в 2026 году будут проходить по новой схеме одномандатных округов,enterprises_count,international_inflow;internal_departures,,internal_departures;international_inflow,enterprises_count,2,1,1,2
720,Кремль принял к сведению заявление сенатора Грэма по санкциям против РФ,industrial_production_index,international_inflow;international_outflow,,international_inflow;international_outflow,industrial_production_index,2,1,1,2
753,"Politico сообщает, что в ЕС вряд ли откажутся от энергоносителей из РФ до 2027 г.",industrial_production_index,international_inflow;international_outflow,,international_inflow;international_outflow,industrial_production_index,2,1,1,2
957,МОК отменил ограничения для молодых спортсменов из России и Белоруссии,industrial_production_index,international_inflow;hospitals,,hospitals;international_inflow,industrial_production_index,2,1,1,2
959,"Журналистка ""Дождя"" Монгайт стала фигурантом дела о фейках о ВС РФ",enterprises_count,international_outflow;crime_count,,crime_count;international_outflow,enterprises_count,2,1,1,2
413,"МЧС уточнило, что при опрокидывании ""вахтовки"" в Якутии погибли 13 человек",life_expectancy;hospitals;industrial_production_index;mortality_rate,life_expectancy;hospitals;crime_count;mortality_rate,hospitals;life_expectancy;mortality_rate,crime_count,industrial_production_index,1,1,4,4
701,Росприроднадзор допустил взыскание ущерба от утечки мазута в Керченском проливе через суд,crime_count;air_pollution;wastewater_discharge,hospitals;air_pollution;wastewater_discharge,air_pollution;wastewater_discharge,hospitals,crime_count,1,1,3,3
243,ЦБ не ждет проблем на валютном рынке из-за санкций против крупнейших экспортеров,industrial_production_index;enterprises_count,consumer_price_index;industrial_production_index,industrial_production_index,consumer_price_index,enterprises_count,1,1,2,2
262,"Военные РФ заявили, что комплексом ""Искандер"" нанесен удар ВСУ в Сумской области",enterprises_count;crime_count,industrial_production_index;crime_count,crime_count,industrial_production_index,enterprises_count,1,1,2,2
655,"Лондон продлил лицензию на операции с зарубежными дочками ""ЛУКОЙЛа"" до 25 августа",industrial_production_index;enterprises_count,international_outflow;enterprises_count,enterprises_count,international_outflow,industrial_production_index,1,1,2,2
757,БПЛА атаковал автомобиль председателя белгородского избиркома,life_expectancy;crime_count,hospitals;crime_count,crime_count,hospitals,life_expectancy,1,1,2,2
863,"Министры ОПЕК+ и ""восьмерки"" подтвердили ранее принятые решения об уровнях добычи на 2026 г. и I кв.",industrial_production_index;enterprises_count,consumer_price_index;industrial_production_index,industrial_production_index,consumer_price_index,enterprises_count,1,1,2,2
56,Российские ледоколы помогают финским судам в Финском заливе,enterprises_count,international_inflow,,international_inflow,enterprises_count,1,1,1,1
57,"Резкое понижение температуры произойдет в регионах Поволжья, Урала и запада Сибири",consumer_price_index,air_pollution,,air_pollution,consumer_price_index,1,1,1,1
96,Сложная погода прогнозируется в регионах Дальнего Востока,wastewater_discharge,air_pollution,,air_pollution,wastewater_discharge,1,1,1,1
167,Авиация НАТО проводит в Эстонии учения на малой высоте,crime_count,international_inflow,,international_inflow,crime_count,1,1,1,1
234,"РСТ заявил, что обострение конфликта между Таиландом и Камбоджей не повлияло на отдых россиян",industrial_production_index,international_inflow,,international_inflow,industrial_production_index,1,1,1,1
370,"Российские дальние бомбардировщики Ту-22М3 нанесли удар в ходе учения ""Запад-2025""",crime_count,industrial_production_index,,industrial_production_index,crime_count,1,1,1,1
423,Песков заявил о готовности РФ содействовать переговорам по иранскому ядерному досье,crime_count,international_inflow,,international_inflow,crime_count,1,1,1,1
430,"Рубио заявил, что сроки и место возможной встречи Трампа и Путина не определены",crime_count,international_inflow,,international_inflow,crime_count,1,1,1,1
432,Крикалев выразил надежду на дальнейшее сотрудничество с США по космосу,enterprises_count,international_inflow,,international_inflow,enterprises_count,1,1,1,1
479,"Россияне в 2024 г. подали 606 тыс. заявлений на шенгенские визы, доля отказов - 7,5%",international_outflow,international_inflow,,international_inflow,international_outflow,1,1,1,1
484,"В Кремле надеются, что заявления о ядерных испытаниях не скажутся на отношениях с США",crime_count,international_inflow,,international_inflow,crime_count,1,1,1,1
522,Операция против Ирана может помешать международным спортивным мероприятиям,enterprises_count,international_outflow,,international_outflow,enterprises_count,1,1,1,1
570,"Лавров отметил важность инициатив, запущенных в ходе председательств РФ и Бразилии в БРИКС",industrial_production_index,international_inflow,,international_inflow,industrial_production_index,1,1,1,1
583,Бельгия не поддержит идею использовать замороженные активы РФ без распределения рисков,consumer_price_index,international_outflow,,international_outflow,consumer_price_index,1,1,1,1
607,"Проект закона о наказании для водителей за ""лекарственное опьянение"" принят в I чтении",hospitals,crime_count,,crime_count,hospitals,1,1,1,1
714,Путин назвал бредом сообщения о планах России напасть на Европу,consumer_price_index,international_outflow,,international_outflow,consumer_price_index,1,1,1,1
775,В Кремле заявили о нежелании Киева продолжать переговоры,enterprises_count,international_outflow,,international_outflow,enterprises_count,1,1,1,1
968,Моди приветствует стремление Трампа урегулировать украинский конфликт,crime_count,international_inflow,,international_inflow,crime_count,1,1,1,1
338,"""Уралмашзавод"" за 9 месяцев увеличил чистую прибыль по РСБУ в 2,4 раза",per_capita_income;real_income_index;industrial_production_index;enterprises_count,per_capita_income;industrial_production_index;enterprises_count,enterprises_count;industrial_production_index;per_capita_income,,real_income_index,0,1,4,3
625,Женщина ранена в Брянской области после атаки БПЛА,life_expectancy;hospitals;crime_count;mortality_rate,life_expectancy;hospitals;crime_count,crime_count;hospitals;life_expectancy,,mortality_rate,0,1,4,3
240,"Оборот ювелирного холдинга Sokolov в 2024 году вырос на 34%, до 68,1 млрд рублей",consumer_price_index;industrial_production_index;enterprises_count,industrial_production_index;enterprises_count,enterprises_count;industrial_production_index,,consumer_price_index,0,1,3,2
255,Представители России и Киргизии подписали изменения в протокол о развитии ВТС,international_inflow;hospitals;crime_count,international_inflow;hospitals,hospitals;international_inflow,,crime_count,0,1,3,2
593,Нефтяные компании передумали строить НПЗ в Ненецком автономном округе,industrial_production_index;enterprises_count;air_pollution,industrial_production_index;enterprises_count,enterprises_count;industrial_production_index,,air_pollution,0,1,3,2
686,Нигерия планирует закупить у России сельхозтехнику на более чем 10 млрд рублей,consumer_price_index;industrial_production_index;enterprises_count,industrial_production_index;enterprises_count,enterprises_count;industrial_production_index,,consumer_price_index,0,1,3,2
689,Здание больницы в калужском Козельске повреждено в результате атаки БПЛА,life_expectancy;hospitals;crime_count,hospitals;crime_count,crime_count;hospitals,,life_expectancy,0,1,3,2
704,"Парламент Египта одобрил присуждение ""ЛУКОЙЛу"" двух концессий",consumer_price_index;industrial_production_index;enterprises_count,industrial_production_index;enterprises_count,enterprises_count;industrial_production_index,,consumer_price_index,0,1,3,2
799,Окна жилых домов повреждены обломками БПЛА в Курске,life_expectancy;housing_area_per_capita;crime_count,housing_area_per_capita;crime_count,crime_count;housing_area_per_capita,,life_expectancy,0,1,3,2
850,"Котировки Brent стабилизировались около $63,4 за баррель",consumer_price_index;industrial_production_index;enterprises_count,consumer_price_index;industrial_production_index,consumer_price_index;industrial_production_index,,enterprises_count,0,1,3,2
898,"Финтех-подразделение Ozon разместит ЦФА на 1,5 млрд рублей",consumer_price_index;industrial_production_index;enterprises_count,consumer_price_index;enterprises_count,consumer_price_index;enterprises_count,,industrial_production_index,0,1,3,2
978,"Brent торгуется у $65,84 за баррель",real_income_index;consumer_price_index;industrial_production_index,consumer_price_index;industrial_production_index,consumer_price_index;industrial_production_index,,real_income_index,0,1,3,2
352,Дюмин предложил пересмотреть некоторые механизмы поддержки участников СВО,international_inflow;per_capita_income,international_inflow,international_inflow,,per_capita_income,0,1,2,1
591,Французская судоходная CMA CGM купила долю в американском производителе биогаза,industrial_production_index;enterprises_count,industrial_production_index,industrial_production_index,,enterprises_count,0,1,2,1
706,Отчет о конкурсном производстве должны публиковать в течение 10 дней с момента решения суда о его завершении,industrial_production_index;enterprises_count,enterprises_count,enterprises_count,,industrial_production_index,0,1,2,1
839,Росфинмониторинг внес Леонида Гозмана в перечень террористов и экстремистов,enterprises_count;crime_count,crime_count,crime_count,,enterprises_count,0,1,2,1
891,"Грузооборот морских портов РФ в январе сократился на 7% г/г, до 67 млн тонн",consumer_price_index;industrial_production_index,industrial_production_index,industrial_production_index,,consumer_price_index,0,1,2,1
19,ЕГЭ по истории в ближайшие два года не планируют делать обязательным для поступления в вузы,unemployment_rate,,,,unemployment_rate,0,1,1,0
35,"Кремль не стал конкретизировать, какие документы привез Дмитриев после переговоров в Майами",crime_count,,,,crime_count,0,1,1,0
358,Путин встретится с главой Сбербанка,enterprises_count,,,,enterprises_count,0,1,1,0
335,Мурманский губернатор предупредил о трудностях регионов Арктики после повышения МРОТ,per_capita_income,international_outflow;per_capita_income;unemployment_rate;living_wage;housing_area_per_capita;consumer_price_index,per_capita_income,consumer_price_index;housing_area_per_capita;international_outflow;living_wage;unemployment_rate,,5,0,1,6
17,Работающие россияне смогут получить налоговый вычет за оплату спортивных занятий родителям,per_capita_income,per_capita_income;child_living_wage;children_benefits;consumer_price_index,per_capita_income,child_living_wage;children_benefits;consumer_price_index,,3,0,1,4
568,Правительство выделит 2 млрд рублей на системы здравоохранения регионов,hospitals,life_expectancy;hospitals;outpatient_clinics;housing_area_per_capita,hospitals,housing_area_per_capita;life_expectancy;outpatient_clinics,,3,0,1,4
872,Глава МАГАТЭ попросил о временном прекращении огня для устранения ущерба на ЗАЭС,industrial_production_index,life_expectancy;industrial_production_index;crime_count;air_pollution,industrial_production_index,air_pollution;crime_count;life_expectancy,,3,0,1,4
353,Три украинских дрона были сбиты над Мурманской областью,crime_count,international_outflow;crime_count;mortality_rate,crime_count,international_outflow;mortality_rate,,2,0,1,3
816,Временные ограничения в аэропорту Нижнего Новгорода сняты,industrial_production_index,international_inflow;internal_departures;industrial_production_index,industrial_production_index,internal_departures;international_inflow,,2,0,1,3
512,На платформе подтверждения ИТ-компетенций получены уже более 36 тыс. сертификатов,,unemployment_rate;enterprises_count,,enterprises_count;unemployment_rate,,2,0,0,2
609,Путин напомнил о важности данных разведки для принятия решений властями РФ,,international_outflow;crime_count,,crime_count;international_outflow,,2,0,0,2
949,В результате ДТП в Египте погибла российская туристка,life_expectancy;hospitals;mortality_rate,international_inflow;life_expectancy;hospitals;mortality_rate,hospitals;life_expectancy;mortality_rate,international_inflow,,1,0,3,4
97,Цивилев заявил об обсуждении вхождения Китая в СПГ-проекты в РФ на саммите в Кремле,industrial_production_index;enterprises_count,international_inflow;industrial_production_index;enterprises_count,enterprises_count;industrial_production_index,international_inflow,,1,0,2,3
990,"""ФосАгро"" во II квартале увеличила скорректированную EBITDA на 28% до 50 млрд руб.",industrial_production_index;enterprises_count,per_capita_income;industrial_production_index;enterprises_count,enterprises_count;industrial_production_index,per_capita_income,,1,0,2,3
61,Глава комитета Госдумы Боярский призвал РКН не допустить распространения видео и фото с трагедией в Одинцове,crime_count,crime_count;air_pollution,crime_count,air_pollution,,1,0,1,2
284,Очереди автомашин перед Крымским мостом устранены,international_inflow,international_inflow;internal_departures,international_inflow,internal_departures,,1,0,1,2
441,Минобороны сообщило о трех сбитых дронах над Крымом,crime_count,international_inflow;crime_count,crime_count,international_inflow,,1,0,1,2
721,Росреестр напомнил об изменении с марта порядка регистрации сделок с землей,housing_area_per_capita,housing_area_per_capita;crime_count,housing_area_per_capita,crime_count,,1,0,1,2
728,Ограничения в аэропорту Калуги сняты,industrial_production_index,internal_arrivals;industrial_production_index,industrial_production_index,internal_arrivals,,1,0,1,2
755,МосБиржа в марте 2026 года изменит время клиринга на срочном рынке,enterprises_count,industrial_production_index;enterprises_count,enterprises_count,industrial_production_index,,1,0,1,2
769,"В ""СИБУРе"" ждут удачного момента для проведения IPO",enterprises_count,industrial_production_index;enterprises_count,enterprises_count,industrial_production_index,,1,0,1,2
778,Число сбитых на подлете к Москве БПЛА увеличилось до 19,crime_count,crime_count;air_pollution,crime_count,air_pollution,,1,0,1,2
813,Глава Минобрнауки отметил дефицит квалифицированных кадров в СМИ,qualified_doctors,unemployment_rate;qualified_doctors,qualified_doctors,unemployment_rate,,1,0,1,2
41,Россия и Китай проведут в начале августа военные учения в Японском море,,international_inflow,,international_inflow,,1,0,0,1
49,Путин поздравил Лукашенко с днем рождения,,international_inflow,,international_inflow,,1,0,0,1
76,Уиткофф и Кушнер в субботу отправятся в Израиль на встречу с Нетаньяху,,international_inflow,,international_inflow,,1,0,0,1
106,"Кремль отметил, что рассматривает Стамбул как место для продолжения переговоров с Киевом",,international_inflow,,international_inflow,,1,0,0,1
455,Лавров встретился с главами МИД Кубы и Доминиканы,,international_inflow,,international_inflow,,1,0,0,1
577,Морской пассажирский транспорт возобновил работу в Севастополе,,international_inflow,,international_inflow,,1,0,0,1
632,Путин в четверг примет главу ЦИК,,international_inflow,,international_inflow,,1,0,0,1
