dataset_row_id,factor_key,factor_name,relevance,sentiment_score,pressure,confidence,sentiment_label,is_relevant,evidence,reason,raw_factor_returned,call_status,raw_text_chars
1,population_size,Численность населения,0.0,0.0,0.0,0.0,neutral,False,,,False,neutral_after_error,0
1,divorce_rate,Число зарегистрированных разводов на 1000 населения,0.0,0.0,0.0,0.0,neutral,False,,,False,neutral_after_error,0
1,marriage_rate,Число зарегистрированных браков на 1000 населения,0.0,0.0,0.0,0.0,neutral,False,,,False,neutral_after_error,0
1,international_inflow,Число прибывших в страну,0.0,0.0,0.0,0.0,neutral,False,,,False,neutral_after_error,0
1,international_outflow,Число выбывших из страны,0.0,0.0,0.0,0.0,neutral,False,,,False,neutral_after_error,0
1,internal_arrivals,Число прибытий внутри региона,0.0,0.0,0.0,0.0,neutral,False,,,False,neutral_after_error,0
1,internal_departures,Число выбытий из региона,0.0,0.0,0.0,0.0,neutral,False,,,False,neutral_after_error,0
1,infant_mortality,Коэффициент младенческой смертности,0.0,0.0,0.0,0.0,neutral,False,,,False,neutral_after_error,0
1,life_expectancy,Ожидаемая продолжительность жизни,0.0,0.0,0.0,0.0,neutral,False,,,False,neutral_after_error,0
1,male_population,Число мужчин,0.0,0.0,0.0,0.0,neutral,False,,,False,neutral_after_error,0
1,female_population,Число женщин,0.0,0.0,0.0,0.0,neutral,False,,,False,neutral_after_error,0
1,per_capita_income,Среднедушевые денежные доходы населения,0.0,0.0,0.0,0.0,neutral,False,,,False,neutral_after_error,0
1,real_income_index,Реальные денежные доходы населения,0.0,0.0,0.0,0.0,neutral,False,,,False,neutral_after_error,0
1,unemployment_rate,Уровень безработицы,0.0,0.0,0.0,0.0,neutral,False,,,False,neutral_after_error,0
1,living_wage,Величина прожиточного минимума на душу населения,0.0,0.0,0.0,0.0,neutral,False,,,False,neutral_after_error,0
1,child_living_wage,Величина прожиточного минимума на ребенка,0.0,0.0,0.0,0.0,neutral,False,,,False,neutral_after_error,0
1,hospitals,Число больничных организаций,0.0,0.0,0.0,0.0,neutral,False,,,False,neutral_after_error,0
1,outpatient_clinics,Число амбулаторно-поликлинических организаций,0.0,0.0,0.0,0.0,neutral,False,,,False,neutral_after_error,0
1,abortions,Число абортов,0.0,0.0,0.0,0.0,neutral,False,,,False,neutral_after_error,0
1,qualified_doctors,Численность врачей высшей и первой квалификационных категорий,0.0,0.0,0.0,0.0,neutral,False,,,False,neutral_after_error,0
1,preschool_coverage,Охват детей до 6 лет дошкольным образованием,0.0,0.0,0.0,0.0,neutral,False,,,False,neutral_after_error,0
1,children_benefits,"Численность детей до 18 лет, на которых назначено пособие",0.0,0.0,0.0,0.0,neutral,False,,,False,neutral_after_error,0
1,maternity_capital,"Численность лиц, получивших сертификат на материнский капитал",0.0,0.0,0.0,0.0,neutral,False,,,False,neutral_after_error,0
1,childcare_allowance,Ежемесячное пособие по уходу за первым ребенком,0.0,0.0,0.0,0.0,neutral,False,,,False,neutral_after_error,0
1,large_families_housing,"Многодетные семьи, улучшившие жилищные условия",0.0,0.0,0.0,0.0,neutral,False,,,False,neutral_after_error,0
1,housing_area_per_capita,Общая площадь жилья на одного жителя,0.0,0.0,0.0,0.0,neutral,False,,,False,neutral_after_error,0
1,consumer_price_index,Индексы потребительских цен,0.0,0.0,0.0,0.0,neutral,False,,,False,neutral_after_error,0
1,primary_housing_price_index,Индексы цен на первичном рынке жилья,0.0,0.0,0.0,0.0,neutral,False,,,False,neutral_after_error,0
1,secondary_housing_price_index,Индексы цен на вторичном рынке жилья,0.0,0.0,0.0,0.0,neutral,False,,,False,neutral_after_error,0
1,industrial_production_index,Индексы промышленного производства,0.0,0.0,0.0,0.0,neutral,False,,,False,neutral_after_error,0
1,enterprises_count,Число предприятий и организаций,0.0,0.0,0.0,0.0,neutral,False,,,False,neutral_after_error,0
1,crime_count,Количество преступлений,0.0,0.0,0.0,0.0,neutral,False,,,False,neutral_after_error,0
1,air_pollution,Выбросы загрязняющих веществ в атмосферный воздух,0.0,0.0,0.0,0.0,neutral,False,,,False,neutral_after_error,0
1,wastewater_discharge,Сброс загрязненных сточных вод,0.0,0.0,0.0,0.0,neutral,False,,,False,neutral_after_error,0
1,mortality_rate,Коэффициент смертности на 1000 человек,0.0,0.0,0.0,0.0,neutral,False,,,False,neutral_after_error,0
1,birth_rate_per_1000,Коэффициент рождаемости на 1000 человек,0.0,0.0,0.0,0.0,neutral,False,,,False,neutral_after_error,0
9,population_size,Численность населения,0.0,0.0,0.0,0.0,neutral,False,,,False,batch,276
9,divorce_rate,Число зарегистрированных разводов на 1000 населения,0.0,0.0,0.0,0.0,neutral,False,,,False,batch,276
9,marriage_rate,Число зарегистрированных браков на 1000 населения,0.0,0.0,0.0,0.0,neutral,False,,,False,batch,276
9,international_inflow,Число прибывших в страну,0.0,0.0,0.0,0.0,neutral,False,,,False,batch,276
9,international_outflow,Число выбывших из страны,0.0,0.0,0.0,0.0,neutral,False,,,False,batch,276
9,internal_arrivals,Число прибытий внутри региона,0.0,0.0,0.0,0.0,neutral,False,,,False,batch,276
9,internal_departures,Число выбытий из региона,0.0,0.0,0.0,0.0,neutral,False,,,False,batch,276
9,infant_mortality,Коэффициент младенческой смертности,0.0,0.0,0.0,0.0,neutral,False,,,False,batch,276
9,life_expectancy,Ожидаемая продолжительность жизни,0.0,0.0,0.0,0.0,neutral,False,,,False,batch,276
9,male_population,Число мужчин,0.0,0.0,0.0,0.0,neutral,False,,,False,batch,276
9,female_population,Число женщин,0.0,0.0,0.0,0.0,neutral,False,,,False,batch,276
9,per_capita_income,Среднедушевые денежные доходы населения,0.0,0.0,0.0,0.0,neutral,False,,,False,batch,276
9,real_income_index,Реальные денежные доходы населения,0.0,0.0,0.0,0.0,neutral,False,,,False,batch,276
9,unemployment_rate,Уровень безработицы,0.0,0.0,0.0,0.0,neutral,False,,,False,batch,276
9,living_wage,Величина прожиточного минимума на душу населения,0.0,0.0,0.0,0.0,neutral,False,,,False,batch,276
9,child_living_wage,Величина прожиточного минимума на ребенка,0.0,0.0,0.0,0.0,neutral,False,,,False,batch,276
9,hospitals,Число больничных организаций,0.0,0.0,0.0,0.0,neutral,False,,,False,batch,276
9,outpatient_clinics,Число амбулаторно-поликлинических организаций,0.0,0.0,0.0,0.0,neutral,False,,,False,batch,276
9,abortions,Число абортов,0.0,0.0,0.0,0.0,neutral,False,,,False,batch,276
9,qualified_doctors,Численность врачей высшей и первой квалификационных категорий,0.0,0.0,0.0,0.0,neutral,False,,,False,batch,276
9,preschool_coverage,Охват детей до 6 лет дошкольным образованием,0.0,0.0,0.0,0.0,neutral,False,,,False,batch,276
9,children_benefits,"Численность детей до 18 лет, на которых назначено пособие",0.0,0.0,0.0,0.0,neutral,False,,,False,batch,276
9,maternity_capital,"Численность лиц, получивших сертификат на материнский капитал",0.0,0.0,0.0,0.0,neutral,False,,,False,batch,276
9,childcare_allowance,Ежемесячное пособие по уходу за первым ребенком,0.0,0.0,0.0,0.0,neutral,False,,,False,batch,276
9,large_families_housing,"Многодетные семьи, улучшившие жилищные условия",0.0,0.0,0.0,0.0,neutral,False,,,False,batch,276
9,housing_area_per_capita,Общая площадь жилья на одного жителя,0.0,0.0,0.0,0.0,neutral,False,,,False,batch,276
9,consumer_price_index,Индексы потребительских цен,0.3,0.0,0.0,0.7,neutral,True,,нет связи,True,batch,276
9,primary_housing_price_index,Индексы цен на первичном рынке жилья,0.0,0.0,0.0,0.0,neutral,False,,,False,batch,276
9,secondary_housing_price_index,Индексы цен на вторичном рынке жилья,0.0,0.0,0.0,0.0,neutral,False,,,False,batch,276
9,industrial_production_index,Индексы промышленного производства,0.3,0.0,0.0,0.7,neutral,True,,нет связи,True,batch,276
9,enterprises_count,Число предприятий и организаций,0.0,0.0,0.0,0.0,neutral,False,,,False,batch,276
9,crime_count,Количество преступлений,0.0,0.0,0.0,0.0,neutral,False,,,False,batch,276
9,air_pollution,Выбросы загрязняющих веществ в атмосферный воздух,0.0,0.0,0.0,0.0,neutral,False,,,False,batch,276
9,wastewater_discharge,Сброс загрязненных сточных вод,0.0,0.0,0.0,0.0,neutral,False,,,False,batch,276
9,mortality_rate,Коэффициент смертности на 1000 человек,0.0,0.0,0.0,0.0,neutral,False,,,False,batch,276
9,birth_rate_per_1000,Коэффициент рождаемости на 1000 человек,0.0,0.0,0.0,0.0,neutral,False,,,False,batch,276
16,population_size,Численность населения,0.0,0.0,0.0,0.0,neutral,False,,,False,batch,255
16,divorce_rate,Число зарегистрированных разводов на 1000 населения,0.0,0.0,0.0,0.0,neutral,False,,,False,batch,255
16,marriage_rate,Число зарегистрированных браков на 1000 населения,0.0,0.0,0.0,0.0,neutral,False,,,False,batch,255
16,international_inflow,Число прибывших в страну,0.0,0.0,0.0,0.0,neutral,False,,,False,batch,255
16,international_outflow,Число выбывших из страны,0.0,0.0,0.0,0.0,neutral,False,,,False,batch,255
16,internal_arrivals,Число прибытий внутри региона,0.0,0.0,0.0,0.0,neutral,False,,,False,batch,255
16,internal_departures,Число выбытий из региона,0.0,0.0,0.0,0.0,neutral,False,,,False,batch,255
16,infant_mortality,Коэффициент младенческой смертности,0.0,0.0,0.0,0.0,neutral,False,,,False,batch,255
16,life_expectancy,Ожидаемая продолжительность жизни,0.0,0.0,0.0,0.0,neutral,False,,,False,batch,255
16,male_population,Число мужчин,0.0,0.0,0.0,0.0,neutral,False,,,False,batch,255
16,female_population,Число женщин,0.0,0.0,0.0,0.0,neutral,False,,,False,batch,255
16,per_capita_income,Среднедушевые денежные доходы населения,0.0,0.0,0.0,0.0,neutral,False,,,False,batch,255
16,real_income_index,Реальные денежные доходы населения,0.0,0.0,0.0,0.0,neutral,False,,,False,batch,255
16,unemployment_rate,Уровень безработицы,0.0,0.0,0.0,0.0,neutral,False,,,False,batch,255
16,living_wage,Величина прожиточного минимума на душу населения,0.0,0.0,0.0,0.0,neutral,False,,,False,batch,255
16,child_living_wage,Величина прожиточного минимума на ребенка,0.0,0.0,0.0,0.0,neutral,False,,,False,batch,255
16,hospitals,Число больничных организаций,0.0,0.0,0.0,0.0,neutral,False,,,False,batch,255
16,outpatient_clinics,Число амбулаторно-поликлинических организаций,0.0,0.0,0.0,0.0,neutral,False,,,False,batch,255
16,abortions,Число абортов,0.0,0.0,0.0,0.0,neutral,False,,,False,batch,255
16,qualified_doctors,Численность врачей высшей и первой квалификационных категорий,0.0,0.0,0.0,0.0,neutral,False,,,False,batch,255
16,preschool_coverage,Охват детей до 6 лет дошкольным образованием,0.0,0.0,0.0,0.0,neutral,False,,,False,batch,255
16,children_benefits,"Численность детей до 18 лет, на которых назначено пособие",0.0,0.0,0.0,0.0,neutral,False,,,False,batch,255
16,maternity_capital,"Численность лиц, получивших сертификат на материнский капитал",0.0,0.0,0.0,0.0,neutral,False,,,False,batch,255
16,childcare_allowance,Ежемесячное пособие по уходу за первым ребенком,0.0,0.0,0.0,0.0,neutral,False,,,False,batch,255
16,large_families_housing,"Многодетные семьи, улучшившие жилищные условия",0.0,0.0,0.0,0.0,neutral,False,,,False,batch,255
16,housing_area_per_capita,Общая площадь жилья на одного жителя,0.0,0.0,0.0,0.0,neutral,False,,,False,batch,255
16,consumer_price_index,Индексы потребительских цен,0.0,0.0,0.0,0.0,neutral,False,,,False,batch,255
16,primary_housing_price_index,Индексы цен на первичном рынке жилья,0.0,0.0,0.0,0.0,neutral,False,,,False,batch,255
16,secondary_housing_price_index,Индексы цен на вторичном рынке жилья,0.0,0.0,0.0,0.0,neutral,False,,,False,batch,255
16,industrial_production_index,Индексы промышленного производства,0.0,0.0,0.0,0.0,neutral,False,,,False,batch,255
16,enterprises_count,Число предприятий и организаций,0.0,0.0,0.0,0.0,neutral,False,,,False,batch,255
16,crime_count,Количество преступлений,0.0,0.0,0.0,0.0,neutral,False,,,False,batch,255
16,air_pollution,Выбросы загрязняющих веществ в атмосферный воздух,0.0,0.0,0.0,0.0,neutral,False,,,False,batch,255
16,wastewater_discharge,Сброс загрязненных сточных вод,0.0,0.0,0.0,0.0,neutral,False,,,False,batch,255
16,mortality_rate,Коэффициент смертности на 1000 человек,0.9,0.1,0.7,0.9,neutral,True,Состояние пострадавших удовлетворительное,упоминание о состоянии пострадавших,True,batch,255
16,birth_rate_per_1000,Коэффициент рождаемости на 1000 человек,0.0,0.0,0.0,0.0,neutral,False,,,False,batch,255
17,population_size,Численность населения,0.0,0.0,0.0,0.0,neutral,False,,,False,batch,263
17,divorce_rate,Число зарегистрированных разводов на 1000 населения,0.0,0.0,0.0,0.0,neutral,False,,,False,batch,263
17,marriage_rate,Число зарегистрированных браков на 1000 населения,0.0,0.0,0.0,0.0,neutral,False,,,False,batch,263
17,international_inflow,Число прибывших в страну,0.0,0.0,0.0,0.0,neutral,False,,,False,batch,263
17,international_outflow,Число выбывших из страны,0.0,0.0,0.0,0.0,neutral,False,,,False,batch,263
17,internal_arrivals,Число прибытий внутри региона,0.0,0.0,0.0,0.0,neutral,False,,,False,batch,263
17,internal_departures,Число выбытий из региона,0.0,0.0,0.0,0.0,neutral,False,,,False,batch,263
17,infant_mortality,Коэффициент младенческой смертности,0.0,0.0,0.0,0.0,neutral,False,,,False,batch,263
17,life_expectancy,Ожидаемая продолжительность жизни,0.0,0.0,0.0,0.0,neutral,False,,,False,batch,263
17,male_population,Число мужчин,0.0,0.0,0.0,0.0,neutral,False,,,False,batch,263
17,female_population,Число женщин,0.0,0.0,0.0,0.0,neutral,False,,,False,batch,263
17,per_capita_income,Среднедушевые денежные доходы населения,0.0,0.0,0.0,0.0,neutral,False,,,False,batch,263
17,real_income_index,Реальные денежные доходы населения,0.0,0.0,0.0,0.0,neutral,False,,,False,batch,263
17,unemployment_rate,Уровень безработицы,0.0,0.0,0.0,0.0,neutral,False,,,False,batch,263
17,living_wage,Величина прожиточного минимума на душу населения,0.0,0.0,0.0,0.0,neutral,False,,,False,batch,263
17,child_living_wage,Величина прожиточного минимума на ребенка,0.3,0.3,0.1,0.7,positive,True,вычет за спортивные занятия родителям,расширение социальных вычетов для родителей,True,batch,263
17,hospitals,Число больничных организаций,0.0,0.0,0.0,0.0,neutral,False,,,False,batch,263
17,outpatient_clinics,Число амбулаторно-поликлинических организаций,0.0,0.0,0.0,0.0,neutral,False,,,False,batch,263
17,abortions,Число абортов,0.0,0.0,0.0,0.0,neutral,False,,,False,batch,263
17,qualified_doctors,Численность врачей высшей и первой квалификационных категорий,0.0,0.0,0.0,0.0,neutral,False,,,False,batch,263
17,preschool_coverage,Охват детей до 6 лет дошкольным образованием,0.0,0.0,0.0,0.0,neutral,False,,,False,batch,263
17,children_benefits,"Численность детей до 18 лет, на которых назначено пособие",0.0,0.0,0.0,0.0,neutral,False,,,False,batch,263
17,maternity_capital,"Численность лиц, получивших сертификат на материнский капитал",0.0,0.0,0.0,0.0,neutral,False,,,False,batch,263
17,childcare_allowance,Ежемесячное пособие по уходу за первым ребенком,0.0,0.0,0.0,0.0,neutral,False,,,False,batch,263
17,large_families_housing,"Многодетные семьи, улучшившие жилищные условия",0.0,0.0,0.0,0.0,neutral,False,,,False,batch,263
17,housing_area_per_capita,Общая площадь жилья на одного жителя,0.0,0.0,0.0,0.0,neutral,False,,,False,batch,263
17,consumer_price_index,Индексы потребительских цен,0.0,0.0,0.0,0.0,neutral,False,,,False,batch,263
17,primary_housing_price_index,Индексы цен на первичном рынке жилья,0.0,0.0,0.0,0.0,neutral,False,,,False,batch,263
17,secondary_housing_price_index,Индексы цен на вторичном рынке жилья,0.0,0.0,0.0,0.0,neutral,False,,,False,batch,263
17,industrial_production_index,Индексы промышленного производства,0.0,0.0,0.0,0.0,neutral,False,,,False,batch,263
17,enterprises_count,Число предприятий и организаций,0.0,0.0,0.0,0.0,neutral,False,,,False,batch,263
17,crime_count,Количество преступлений,0.0,0.0,0.0,0.0,neutral,False,,,False,batch,263
17,air_pollution,Выбросы загрязняющих веществ в атмосферный воздух,0.0,0.0,0.0,0.0,neutral,False,,,False,batch,263
17,wastewater_discharge,Сброс загрязненных сточных вод,0.0,0.0,0.0,0.0,neutral,False,,,False,batch,263
17,mortality_rate,Коэффициент смертности на 1000 человек,0.0,0.0,0.0,0.0,neutral,False,,,False,batch,263
17,birth_rate_per_1000,Коэффициент рождаемости на 1000 человек,0.0,0.0,0.0,0.0,neutral,False,,,False,batch,263
18,population_size,Численность населения,0.0,0.0,0.0,0.0,neutral,False,,,False,batch,162
18,divorce_rate,Число зарегистрированных разводов на 1000 населения,0.0,0.0,0.0,0.0,neutral,False,,,False,batch,162
18,marriage_rate,Число зарегистрированных браков на 1000 населения,0.0,0.0,0.0,0.0,neutral,False,,,False,batch,162
18,international_inflow,Число прибывших в страну,0.0,0.0,0.0,0.0,neutral,False,,,False,batch,162
18,international_outflow,Число выбывших из страны,0.0,0.0,0.0,0.0,neutral,False,,,False,batch,162
18,internal_arrivals,Число прибытий внутри региона,0.0,0.0,0.0,0.0,neutral,False,,,False,batch,162
18,internal_departures,Число выбытий из региона,0.0,0.0,0.0,0.0,neutral,False,,,False,batch,162
18,infant_mortality,Коэффициент младенческой смертности,0.0,0.0,0.0,0.0,neutral,False,,,False,batch,162
18,life_expectancy,Ожидаемая продолжительность жизни,0.0,0.0,0.0,0.0,neutral,False,,,False,batch,162
18,male_population,Число мужчин,0.0,0.0,0.0,0.0,neutral,False,,,False,batch,162
18,female_population,Число женщин,0.0,0.0,0.0,0.0,neutral,False,,,False,batch,162
18,per_capita_income,Среднедушевые денежные доходы населения,0.0,0.0,0.0,0.0,neutral,False,,,False,batch,162
18,real_income_index,Реальные денежные доходы населения,0.0,0.0,0.0,0.0,neutral,False,,,False,batch,162
18,unemployment_rate,Уровень безработицы,0.0,0.0,0.0,0.0,neutral,False,,,False,batch,162
18,living_wage,Величина прожиточного минимума на душу населения,0.0,0.0,0.0,0.0,neutral,False,,,False,batch,162
18,child_living_wage,Величина прожиточного минимума на ребенка,0.0,0.0,0.0,0.0,neutral,False,,,False,batch,162
18,hospitals,Число больничных организаций,0.0,0.0,0.0,0.0,neutral,False,,,False,batch,162
18,outpatient_clinics,Число амбулаторно-поликлинических организаций,0.0,0.0,0.0,0.0,neutral,False,,,False,batch,162
18,abortions,Число абортов,0.0,0.0,0.0,0.0,neutral,False,,,False,batch,162
18,qualified_doctors,Численность врачей высшей и первой квалификационных категорий,0.0,0.0,0.0,0.0,neutral,False,,,False,batch,162
18,preschool_coverage,Охват детей до 6 лет дошкольным образованием,0.0,0.0,0.0,0.0,neutral,False,,,False,batch,162
18,children_benefits,"Численность детей до 18 лет, на которых назначено пособие",0.0,0.0,0.0,0.0,neutral,False,,,False,batch,162
18,maternity_capital,"Численность лиц, получивших сертификат на материнский капитал",0.0,0.0,0.0,0.0,neutral,False,,,False,batch,162
18,childcare_allowance,Ежемесячное пособие по уходу за первым ребенком,0.0,0.0,0.0,0.0,neutral,False,,,False,batch,162
18,large_families_housing,"Многодетные семьи, улучшившие жилищные условия",0.0,0.0,0.0,0.0,neutral,False,,,False,batch,162
18,housing_area_per_capita,Общая площадь жилья на одного жителя,0.0,0.0,0.0,0.0,neutral,False,,,False,batch,162
18,consumer_price_index,Индексы потребительских цен,0.0,0.0,0.0,0.0,neutral,False,,,False,batch,162
18,primary_housing_price_index,Индексы цен на первичном рынке жилья,0.0,0.0,0.0,0.0,neutral,False,,,False,batch,162
18,secondary_housing_price_index,Индексы цен на вторичном рынке жилья,0.0,0.0,0.0,0.0,neutral,False,,,False,batch,162
18,industrial_production_index,Индексы промышленного производства,0.3,0.0,0.0,0.7,neutral,True,,нет связи,True,batch,162
18,enterprises_count,Число предприятий и организаций,0.0,0.0,0.0,0.0,neutral,False,,,False,batch,162
18,crime_count,Количество преступлений,0.0,0.0,0.0,0.0,neutral,False,,,False,batch,162
18,air_pollution,Выбросы загрязняющих веществ в атмосферный воздух,0.0,0.0,0.0,0.0,neutral,False,,,False,batch,162
18,wastewater_discharge,Сброс загрязненных сточных вод,0.0,0.0,0.0,0.0,neutral,False,,,False,batch,162
18,mortality_rate,Коэффициент смертности на 1000 человек,0.0,0.0,0.0,0.0,neutral,False,,,False,batch,162
18,birth_rate_per_1000,Коэффициент рождаемости на 1000 человек,0.0,0.0,0.0,0.0,neutral,False,,,False,batch,162
19,population_size,Численность населения,0.0,0.0,0.0,0.0,neutral,False,,,False,batch,155
19,divorce_rate,Число зарегистрированных разводов на 1000 населения,0.0,0.0,0.0,0.0,neutral,False,,,False,batch,155
19,marriage_rate,Число зарегистрированных браков на 1000 населения,0.0,0.0,0.0,0.0,neutral,False,,,False,batch,155
19,international_inflow,Число прибывших в страну,0.3,0.0,0.0,0.7,neutral,True,,нет связи,True,batch,155
19,international_outflow,Число выбывших из страны,0.0,0.0,0.0,0.0,neutral,False,,,False,batch,155
19,internal_arrivals,Число прибытий внутри региона,0.0,0.0,0.0,0.0,neutral,False,,,False,batch,155
19,internal_departures,Число выбытий из региона,0.0,0.0,0.0,0.0,neutral,False,,,False,batch,155
19,infant_mortality,Коэффициент младенческой смертности,0.0,0.0,0.0,0.0,neutral,False,,,False,batch,155
19,life_expectancy,Ожидаемая продолжительность жизни,0.0,0.0,0.0,0.0,neutral,False,,,False,batch,155
19,male_population,Число мужчин,0.0,0.0,0.0,0.0,neutral,False,,,False,batch,155
19,female_population,Число женщин,0.0,0.0,0.0,0.0,neutral,False,,,False,batch,155
19,per_capita_income,Среднедушевые денежные доходы населения,0.0,0.0,0.0,0.0,neutral,False,,,False,batch,155
19,real_income_index,Реальные денежные доходы населения,0.0,0.0,0.0,0.0,neutral,False,,,False,batch,155
19,unemployment_rate,Уровень безработицы,0.0,0.0,0.0,0.0,neutral,False,,,False,batch,155
19,living_wage,Величина прожиточного минимума на душу населения,0.0,0.0,0.0,0.0,neutral,False,,,False,batch,155
19,child_living_wage,Величина прожиточного минимума на ребенка,0.0,0.0,0.0,0.0,neutral,False,,,False,batch,155
19,hospitals,Число больничных организаций,0.0,0.0,0.0,0.0,neutral,False,,,False,batch,155
19,outpatient_clinics,Число амбулаторно-поликлинических организаций,0.0,0.0,0.0,0.0,neutral,False,,,False,batch,155
19,abortions,Число абортов,0.0,0.0,0.0,0.0,neutral,False,,,False,batch,155
19,qualified_doctors,Численность врачей высшей и первой квалификационных категорий,0.0,0.0,0.0,0.0,neutral,False,,,False,batch,155
19,preschool_coverage,Охват детей до 6 лет дошкольным образованием,0.0,0.0,0.0,0.0,neutral,False,,,False,batch,155
19,children_benefits,"Численность детей до 18 лет, на которых назначено пособие",0.0,0.0,0.0,0.0,neutral,False,,,False,batch,155
19,maternity_capital,"Численность лиц, получивших сертификат на материнский капитал",0.0,0.0,0.0,0.0,neutral,False,,,False,batch,155
19,childcare_allowance,Ежемесячное пособие по уходу за первым ребенком,0.0,0.0,0.0,0.0,neutral,False,,,False,batch,155
19,large_families_housing,"Многодетные семьи, улучшившие жилищные условия",0.0,0.0,0.0,0.0,neutral,False,,,False,batch,155
19,housing_area_per_capita,Общая площадь жилья на одного жителя,0.0,0.0,0.0,0.0,neutral,False,,,False,batch,155
19,consumer_price_index,Индексы потребительских цен,0.0,0.0,0.0,0.0,neutral,False,,,False,batch,155
19,primary_housing_price_index,Индексы цен на первичном рынке жилья,0.0,0.0,0.0,0.0,neutral,False,,,False,batch,155
19,secondary_housing_price_index,Индексы цен на вторичном рынке жилья,0.0,0.0,0.0,0.0,neutral,False,,,False,batch,155
19,industrial_production_index,Индексы промышленного производства,0.0,0.0,0.0,0.0,neutral,False,,,False,batch,155
19,enterprises_count,Число предприятий и организаций,0.0,0.0,0.0,0.0,neutral,False,,,False,batch,155
19,crime_count,Количество преступлений,0.0,0.0,0.0,0.0,neutral,False,,,False,batch,155
19,air_pollution,Выбросы загрязняющих веществ в атмосферный воздух,0.0,0.0,0.0,0.0,neutral,False,,,False,batch,155
19,wastewater_discharge,Сброс загрязненных сточных вод,0.0,0.0,0.0,0.0,neutral,False,,,False,batch,155
19,mortality_rate,Коэффициент смертности на 1000 человек,0.0,0.0,0.0,0.0,neutral,False,,,False,batch,155
19,birth_rate_per_1000,Коэффициент рождаемости на 1000 человек,0.0,0.0,0.0,0.0,neutral,False,,,False,batch,155
24,population_size,Численность населения,0.0,0.0,0.0,0.0,neutral,False,,,False,batch,526
24,divorce_rate,Число зарегистрированных разводов на 1000 населения,0.0,0.0,0.0,0.0,neutral,False,,,False,batch,526
24,marriage_rate,Число зарегистрированных браков на 1000 населения,0.0,0.0,0.0,0.0,neutral,False,,,False,batch,526
24,international_inflow,Число прибывших в страну,0.0,0.0,0.0,0.0,neutral,False,,,False,batch,526
24,international_outflow,Число выбывших из страны,0.0,0.0,0.0,0.0,neutral,False,,,False,batch,526
24,internal_arrivals,Число прибытий внутри региона,0.0,0.0,0.0,0.0,neutral,False,,,False,batch,526
24,internal_departures,Число выбытий из региона,0.0,0.0,0.0,0.0,neutral,False,,,False,batch,526
24,infant_mortality,Коэффициент младенческой смертности,0.0,0.0,0.0,0.0,neutral,False,,,False,batch,526
24,life_expectancy,Ожидаемая продолжительность жизни,0.0,0.0,0.0,0.0,neutral,False,,,False,batch,526
24,male_population,Число мужчин,0.0,0.0,0.0,0.0,neutral,False,,,False,batch,526
24,female_population,Число женщин,0.0,0.0,0.0,0.0,neutral,False,,,False,batch,526
24,per_capita_income,Среднедушевые денежные доходы населения,0.0,0.0,0.0,0.0,neutral,False,,,False,batch,526
24,real_income_index,Реальные денежные доходы населения,0.0,0.0,0.0,0.0,neutral,False,,,False,batch,526
24,unemployment_rate,Уровень безработицы,0.0,0.0,0.0,0.0,neutral,False,,,False,batch,526
24,living_wage,Величина прожиточного минимума на душу населения,0.0,0.0,0.0,0.0,neutral,False,,,False,batch,526
24,child_living_wage,Величина прожиточного минимума на ребенка,0.0,0.0,0.0,0.0,neutral,False,,,False,batch,526
24,hospitals,Число больничных организаций,0.0,0.0,0.0,0.0,neutral,False,,,False,batch,526
24,outpatient_clinics,Число амбулаторно-поликлинических организаций,0.0,0.0,0.0,0.0,neutral,False,,,False,batch,526
24,abortions,Число абортов,0.0,0.0,0.0,0.0,neutral,False,,,False,batch,526
24,qualified_doctors,Численность врачей высшей и первой квалификационных категорий,0.0,0.0,0.0,0.0,neutral,False,,,False,batch,526
24,preschool_coverage,Охват детей до 6 лет дошкольным образованием,0.0,0.0,0.0,0.0,neutral,False,,,False,batch,526
24,children_benefits,"Численность детей до 18 лет, на которых назначено пособие",0.0,0.0,0.0,0.0,neutral,False,,,False,batch,526
24,maternity_capital,"Численность лиц, получивших сертификат на материнский капитал",0.0,0.0,0.0,0.0,neutral,False,,,False,batch,526
24,childcare_allowance,Ежемесячное пособие по уходу за первым ребенком,0.0,0.0,0.0,0.0,neutral,False,,,False,batch,526
24,large_families_housing,"Многодетные семьи, улучшившие жилищные условия",0.0,0.0,0.0,0.0,neutral,False,,,False,batch,526
24,housing_area_per_capita,Общая площадь жилья на одного жителя,0.9,-0.7,0.8,0.9,negative,True,"Без воды осталось 15 многоэтажных домов, около пяти тысяч человек",Авария привела к потере воды для жилых домов,True,batch,526
24,consumer_price_index,Индексы потребительских цен,0.0,0.0,0.0,0.0,neutral,False,,,False,batch,526
24,primary_housing_price_index,Индексы цен на первичном рынке жилья,0.0,0.0,0.0,0.0,neutral,False,,,False,batch,526
24,secondary_housing_price_index,Индексы цен на вторичном рынке жилья,0.0,0.0,0.0,0.0,neutral,False,,,False,batch,526
24,industrial_production_index,Индексы промышленного производства,0.0,0.0,0.0,0.0,neutral,False,,,False,batch,526
24,enterprises_count,Число предприятий и организаций,0.0,0.0,0.0,0.0,neutral,False,,,False,batch,526
24,crime_count,Количество преступлений,0.0,0.0,0.0,0.0,neutral,False,,,False,batch,526
24,air_pollution,Выбросы загрязняющих веществ в атмосферный воздух,0.0,0.0,0.0,0.0,neutral,False,,,False,batch,526
24,wastewater_discharge,Сброс загрязненных сточных вод,0.6,-0.5,0.6,0.8,negative,True,Авария на водоканале оставила без воды,Проблема с водоснабжением и сбросом стоков,True,batch,526
24,mortality_rate,Коэффициент смертности на 1000 человек,0.0,0.0,0.0,0.0,neutral,False,,,False,batch,526
24,birth_rate_per_1000,Коэффициент рождаемости на 1000 человек,0.0,0.0,0.0,0.0,neutral,False,,,False,batch,526
35,population_size,Численность населения,0.0,0.0,0.0,0.0,neutral,False,,,False,batch,230
35,divorce_rate,Число зарегистрированных разводов на 1000 населения,0.0,0.0,0.0,0.0,neutral,False,,,False,batch,230
35,marriage_rate,Число зарегистрированных браков на 1000 населения,0.0,0.0,0.0,0.0,neutral,False,,,False,batch,230
35,international_inflow,Число прибывших в страну,0.0,0.0,0.0,0.0,neutral,False,,,False,batch,230
35,international_outflow,Число выбывших из страны,0.3,0.0,0.0,0.7,neutral,True,переговоры в Майами,переговоры без движения людей,True,batch,230
35,internal_arrivals,Число прибытий внутри региона,0.0,0.0,0.0,0.0,neutral,False,,,False,batch,230
35,internal_departures,Число выбытий из региона,0.0,0.0,0.0,0.0,neutral,False,,,False,batch,230
35,infant_mortality,Коэффициент младенческой смертности,0.0,0.0,0.0,0.0,neutral,False,,,False,batch,230
35,life_expectancy,Ожидаемая продолжительность жизни,0.0,0.0,0.0,0.0,neutral,False,,,False,batch,230
35,male_population,Число мужчин,0.0,0.0,0.0,0.0,neutral,False,,,False,batch,230
35,female_population,Число женщин,0.0,0.0,0.0,0.0,neutral,False,,,False,batch,230
35,per_capita_income,Среднедушевые денежные доходы населения,0.0,0.0,0.0,0.0,neutral,False,,,False,batch,230
35,real_income_index,Реальные денежные доходы населения,0.0,0.0,0.0,0.0,neutral,False,,,False,batch,230
35,unemployment_rate,Уровень безработицы,0.0,0.0,0.0,0.0,neutral,False,,,False,batch,230
35,living_wage,Величина прожиточного минимума на душу населения,0.0,0.0,0.0,0.0,neutral,False,,,False,batch,230
35,child_living_wage,Величина прожиточного минимума на ребенка,0.0,0.0,0.0,0.0,neutral,False,,,False,batch,230
35,hospitals,Число больничных организаций,0.0,0.0,0.0,0.0,neutral,False,,,False,batch,230
35,outpatient_clinics,Число амбулаторно-поликлинических организаций,0.0,0.0,0.0,0.0,neutral,False,,,False,batch,230
35,abortions,Число абортов,0.0,0.0,0.0,0.0,neutral,False,,,False,batch,230
35,qualified_doctors,Численность врачей высшей и первой квалификационных категорий,0.0,0.0,0.0,0.0,neutral,False,,,False,batch,230
35,preschool_coverage,Охват детей до 6 лет дошкольным образованием,0.0,0.0,0.0,0.0,neutral,False,,,False,batch,230
35,children_benefits,"Численность детей до 18 лет, на которых назначено пособие",0.0,0.0,0.0,0.0,neutral,False,,,False,batch,230
35,maternity_capital,"Численность лиц, получивших сертификат на материнский капитал",0.0,0.0,0.0,0.0,neutral,False,,,False,batch,230
35,childcare_allowance,Ежемесячное пособие по уходу за первым ребенком,0.0,0.0,0.0,0.0,neutral,False,,,False,batch,230
35,large_families_housing,"Многодетные семьи, улучшившие жилищные условия",0.0,0.0,0.0,0.0,neutral,False,,,False,batch,230
35,housing_area_per_capita,Общая площадь жилья на одного жителя,0.0,0.0,0.0,0.0,neutral,False,,,False,batch,230
35,consumer_price_index,Индексы потребительских цен,0.0,0.0,0.0,0.0,neutral,False,,,False,batch,230
35,primary_housing_price_index,Индексы цен на первичном рынке жилья,0.0,0.0,0.0,0.0,neutral,False,,,False,batch,230
35,secondary_housing_price_index,Индексы цен на вторичном рынке жилья,0.0,0.0,0.0,0.0,neutral,False,,,False,batch,230
35,industrial_production_index,Индексы промышленного производства,0.0,0.0,0.0,0.0,neutral,False,,,False,batch,230
35,enterprises_count,Число предприятий и организаций,0.0,0.0,0.0,0.0,neutral,False,,,False,batch,230
35,crime_count,Количество преступлений,0.0,0.0,0.0,0.0,neutral,False,,,False,batch,230
35,air_pollution,Выбросы загрязняющих веществ в атмосферный воздух,0.0,0.0,0.0,0.0,neutral,False,,,False,batch,230
35,wastewater_discharge,Сброс загрязненных сточных вод,0.0,0.0,0.0,0.0,neutral,False,,,False,batch,230
35,mortality_rate,Коэффициент смертности на 1000 человек,0.0,0.0,0.0,0.0,neutral,False,,,False,batch,230
35,birth_rate_per_1000,Коэффициент рождаемости на 1000 человек,0.0,0.0,0.0,0.0,neutral,False,,,False,batch,230
40,population_size,Численность населения,0.0,0.0,0.0,0.0,neutral,False,,,False,batch,285
40,divorce_rate,Число зарегистрированных разводов на 1000 населения,0.0,0.0,0.0,0.0,neutral,False,,,False,batch,285
40,marriage_rate,Число зарегистрированных браков на 1000 населения,0.0,0.0,0.0,0.0,neutral,False,,,False,batch,285
40,international_inflow,Число прибывших в страну,0.0,0.0,0.0,0.0,neutral,False,,,False,batch,285
40,international_outflow,Число выбывших из страны,0.0,0.0,0.0,0.0,neutral,False,,,False,batch,285
40,internal_arrivals,Число прибытий внутри региона,0.0,0.0,0.0,0.0,neutral,False,,,False,batch,285
40,internal_departures,Число выбытий из региона,0.0,0.0,0.0,0.0,neutral,False,,,False,batch,285
40,infant_mortality,Коэффициент младенческой смертности,0.0,0.0,0.0,0.0,neutral,False,,,False,batch,285
40,life_expectancy,Ожидаемая продолжительность жизни,0.0,0.0,0.0,0.0,neutral,False,,,False,batch,285
40,male_population,Число мужчин,0.0,0.0,0.0,0.0,neutral,False,,,False,batch,285
40,female_population,Число женщин,0.0,0.0,0.0,0.0,neutral,False,,,False,batch,285
40,per_capita_income,Среднедушевые денежные доходы населения,0.0,0.0,0.0,0.0,neutral,False,,,False,batch,285
40,real_income_index,Реальные денежные доходы населения,0.0,0.0,0.0,0.0,neutral,False,,,False,batch,285
40,unemployment_rate,Уровень безработицы,0.0,0.0,0.0,0.0,neutral,False,,,False,batch,285
40,living_wage,Величина прожиточного минимума на душу населения,0.0,0.0,0.0,0.0,neutral,False,,,False,batch,285
40,child_living_wage,Величина прожиточного минимума на ребенка,0.0,0.0,0.0,0.0,neutral,False,,,False,batch,285
40,hospitals,Число больничных организаций,0.0,0.0,0.0,0.0,neutral,False,,,False,batch,285
40,outpatient_clinics,Число амбулаторно-поликлинических организаций,0.0,0.0,0.0,0.0,neutral,False,,,False,batch,285
40,abortions,Число абортов,0.0,0.0,0.0,0.0,neutral,False,,,False,batch,285
40,qualified_doctors,Численность врачей высшей и первой квалификационных категорий,0.0,0.0,0.0,0.0,neutral,False,,,False,batch,285
40,preschool_coverage,Охват детей до 6 лет дошкольным образованием,0.0,0.0,0.0,0.0,neutral,False,,,False,batch,285
40,children_benefits,"Численность детей до 18 лет, на которых назначено пособие",0.0,0.0,0.0,0.0,neutral,False,,,False,batch,285
40,maternity_capital,"Численность лиц, получивших сертификат на материнский капитал",0.0,0.0,0.0,0.0,neutral,False,,,False,batch,285
40,childcare_allowance,Ежемесячное пособие по уходу за первым ребенком,0.0,0.0,0.0,0.0,neutral,False,,,False,batch,285
40,large_families_housing,"Многодетные семьи, улучшившие жилищные условия",0.0,0.0,0.0,0.0,neutral,False,,,False,batch,285
40,housing_area_per_capita,Общая площадь жилья на одного жителя,0.0,0.0,0.0,0.0,neutral,False,,,False,batch,285
40,consumer_price_index,Индексы потребительских цен,0.0,0.0,0.0,0.0,neutral,False,,,False,batch,285
40,primary_housing_price_index,Индексы цен на первичном рынке жилья,0.0,0.0,0.0,0.0,neutral,False,,,False,batch,285
40,secondary_housing_price_index,Индексы цен на вторичном рынке жилья,0.0,0.0,0.0,0.0,neutral,False,,,False,batch,285
40,industrial_production_index,Индексы промышленного производства,0.6,0.0,0.0,0.8,neutral,True,"ликвидация торгового СП ""Газ-Ойл Трейдинг""","ликвидация торговой компании, связанной с добычей",True,batch,285
40,enterprises_count,Число предприятий и организаций,0.0,0.0,0.0,0.0,neutral,False,,,False,batch,285
40,crime_count,Количество преступлений,0.0,0.0,0.0,0.0,neutral,False,,,False,batch,285
40,air_pollution,Выбросы загрязняющих веществ в атмосферный воздух,0.0,0.0,0.0,0.0,neutral,False,,,False,batch,285
40,wastewater_discharge,Сброс загрязненных сточных вод,0.0,0.0,0.0,0.0,neutral,False,,,False,batch,285
40,mortality_rate,Коэффициент смертности на 1000 человек,0.0,0.0,0.0,0.0,neutral,False,,,False,batch,285
40,birth_rate_per_1000,Коэффициент рождаемости на 1000 человек,0.0,0.0,0.0,0.0,neutral,False,,,False,batch,285
41,population_size,Численность населения,0.0,0.0,0.0,0.0,neutral,False,,,False,batch,162
41,divorce_rate,Число зарегистрированных разводов на 1000 населения,0.0,0.0,0.0,0.0,neutral,False,,,False,batch,162
41,marriage_rate,Число зарегистрированных браков на 1000 населения,0.0,0.0,0.0,0.0,neutral,False,,,False,batch,162
41,international_inflow,Число прибывших в страну,0.0,0.0,0.0,0.0,neutral,False,,,False,batch,162
41,international_outflow,Число выбывших из страны,0.0,0.0,0.0,0.0,neutral,False,,,False,batch,162
41,internal_arrivals,Число прибытий внутри региона,0.0,0.0,0.0,0.0,neutral,False,,,False,batch,162
41,internal_departures,Число выбытий из региона,0.0,0.0,0.0,0.0,neutral,False,,,False,batch,162
41,infant_mortality,Коэффициент младенческой смертности,0.0,0.0,0.0,0.0,neutral,False,,,False,batch,162
41,life_expectancy,Ожидаемая продолжительность жизни,0.0,0.0,0.0,0.0,neutral,False,,,False,batch,162
41,male_population,Число мужчин,0.0,0.0,0.0,0.0,neutral,False,,,False,batch,162
41,female_population,Число женщин,0.0,0.0,0.0,0.0,neutral,False,,,False,batch,162
41,per_capita_income,Среднедушевые денежные доходы населения,0.0,0.0,0.0,0.0,neutral,False,,,False,batch,162
41,real_income_index,Реальные денежные доходы населения,0.0,0.0,0.0,0.0,neutral,False,,,False,batch,162
41,unemployment_rate,Уровень безработицы,0.0,0.0,0.0,0.0,neutral,False,,,False,batch,162
41,living_wage,Величина прожиточного минимума на душу населения,0.0,0.0,0.0,0.0,neutral,False,,,False,batch,162
41,child_living_wage,Величина прожиточного минимума на ребенка,0.0,0.0,0.0,0.0,neutral,False,,,False,batch,162
41,hospitals,Число больничных организаций,0.0,0.0,0.0,0.0,neutral,False,,,False,batch,162
41,outpatient_clinics,Число амбулаторно-поликлинических организаций,0.0,0.0,0.0,0.0,neutral,False,,,False,batch,162
41,abortions,Число абортов,0.0,0.0,0.0,0.0,neutral,False,,,False,batch,162
41,qualified_doctors,Численность врачей высшей и первой квалификационных категорий,0.0,0.0,0.0,0.0,neutral,False,,,False,batch,162
41,preschool_coverage,Охват детей до 6 лет дошкольным образованием,0.0,0.0,0.0,0.0,neutral,False,,,False,batch,162
41,children_benefits,"Численность детей до 18 лет, на которых назначено пособие",0.0,0.0,0.0,0.0,neutral,False,,,False,batch,162
41,maternity_capital,"Численность лиц, получивших сертификат на материнский капитал",0.0,0.0,0.0,0.0,neutral,False,,,False,batch,162
41,childcare_allowance,Ежемесячное пособие по уходу за первым ребенком,0.0,0.0,0.0,0.0,neutral,False,,,False,batch,162
41,large_families_housing,"Многодетные семьи, улучшившие жилищные условия",0.0,0.0,0.0,0.0,neutral,False,,,False,batch,162
41,housing_area_per_capita,Общая площадь жилья на одного жителя,0.0,0.0,0.0,0.0,neutral,False,,,False,batch,162
41,consumer_price_index,Индексы потребительских цен,0.0,0.0,0.0,0.0,neutral,False,,,False,batch,162
41,primary_housing_price_index,Индексы цен на первичном рынке жилья,0.0,0.0,0.0,0.0,neutral,False,,,False,batch,162
41,secondary_housing_price_index,Индексы цен на вторичном рынке жилья,0.0,0.0,0.0,0.0,neutral,False,,,False,batch,162
41,industrial_production_index,Индексы промышленного производства,0.3,0.0,0.0,0.7,neutral,True,,нет связи,True,batch,162
41,enterprises_count,Число предприятий и организаций,0.0,0.0,0.0,0.0,neutral,False,,,False,batch,162
41,crime_count,Количество преступлений,0.0,0.0,0.0,0.0,neutral,False,,,False,batch,162
41,air_pollution,Выбросы загрязняющих веществ в атмосферный воздух,0.0,0.0,0.0,0.0,neutral,False,,,False,batch,162
41,wastewater_discharge,Сброс загрязненных сточных вод,0.0,0.0,0.0,0.0,neutral,False,,,False,batch,162
41,mortality_rate,Коэффициент смертности на 1000 человек,0.0,0.0,0.0,0.0,neutral,False,,,False,batch,162
41,birth_rate_per_1000,Коэффициент рождаемости на 1000 человек,0.0,0.0,0.0,0.0,neutral,False,,,False,batch,162
49,population_size,Численность населения,0.0,0.0,0.0,0.0,neutral,False,,,False,batch,250
49,divorce_rate,Число зарегистрированных разводов на 1000 населения,0.0,0.0,0.0,0.0,neutral,False,,,False,batch,250
49,marriage_rate,Число зарегистрированных браков на 1000 населения,0.0,0.0,0.0,0.0,neutral,False,,,False,batch,250
49,international_inflow,Число прибывших в страну,0.3,0.3,0.1,0.7,neutral,True,наращивание двусторонних связей,"двусторонние связи, сотрудничество",True,batch,250
49,international_outflow,Число выбывших из страны,0.0,0.0,0.0,0.0,neutral,False,,,False,batch,250
49,internal_arrivals,Число прибытий внутри региона,0.0,0.0,0.0,0.0,neutral,False,,,False,batch,250
49,internal_departures,Число выбытий из региона,0.0,0.0,0.0,0.0,neutral,False,,,False,batch,250
49,infant_mortality,Коэффициент младенческой смертности,0.0,0.0,0.0,0.0,neutral,False,,,False,batch,250
49,life_expectancy,Ожидаемая продолжительность жизни,0.0,0.0,0.0,0.0,neutral,False,,,False,batch,250
49,male_population,Число мужчин,0.0,0.0,0.0,0.0,neutral,False,,,False,batch,250
49,female_population,Число женщин,0.0,0.0,0.0,0.0,neutral,False,,,False,batch,250
49,per_capita_income,Среднедушевые денежные доходы населения,0.0,0.0,0.0,0.0,neutral,False,,,False,batch,250
49,real_income_index,Реальные денежные доходы населения,0.0,0.0,0.0,0.0,neutral,False,,,False,batch,250
49,unemployment_rate,Уровень безработицы,0.0,0.0,0.0,0.0,neutral,False,,,False,batch,250
49,living_wage,Величина прожиточного минимума на душу населения,0.0,0.0,0.0,0.0,neutral,False,,,False,batch,250
49,child_living_wage,Величина прожиточного минимума на ребенка,0.0,0.0,0.0,0.0,neutral,False,,,False,batch,250
49,hospitals,Число больничных организаций,0.0,0.0,0.0,0.0,neutral,False,,,False,batch,250
49,outpatient_clinics,Число амбулаторно-поликлинических организаций,0.0,0.0,0.0,0.0,neutral,False,,,False,batch,250
49,abortions,Число абортов,0.0,0.0,0.0,0.0,neutral,False,,,False,batch,250
49,qualified_doctors,Численность врачей высшей и первой квалификационных категорий,0.0,0.0,0.0,0.0,neutral,False,,,False,batch,250
49,preschool_coverage,Охват детей до 6 лет дошкольным образованием,0.0,0.0,0.0,0.0,neutral,False,,,False,batch,250
49,children_benefits,"Численность детей до 18 лет, на которых назначено пособие",0.0,0.0,0.0,0.0,neutral,False,,,False,batch,250
49,maternity_capital,"Численность лиц, получивших сертификат на материнский капитал",0.0,0.0,0.0,0.0,neutral,False,,,False,batch,250
49,childcare_allowance,Ежемесячное пособие по уходу за первым ребенком,0.0,0.0,0.0,0.0,neutral,False,,,False,batch,250
49,large_families_housing,"Многодетные семьи, улучшившие жилищные условия",0.0,0.0,0.0,0.0,neutral,False,,,False,batch,250
49,housing_area_per_capita,Общая площадь жилья на одного жителя,0.0,0.0,0.0,0.0,neutral,False,,,False,batch,250
49,consumer_price_index,Индексы потребительских цен,0.0,0.0,0.0,0.0,neutral,False,,,False,batch,250
49,primary_housing_price_index,Индексы цен на первичном рынке жилья,0.0,0.0,0.0,0.0,neutral,False,,,False,batch,250
49,secondary_housing_price_index,Индексы цен на вторичном рынке жилья,0.0,0.0,0.0,0.0,neutral,False,,,False,batch,250
49,industrial_production_index,Индексы промышленного производства,0.0,0.0,0.0,0.0,neutral,False,,,False,batch,250
49,enterprises_count,Число предприятий и организаций,0.0,0.0,0.0,0.0,neutral,False,,,False,batch,250
49,crime_count,Количество преступлений,0.0,0.0,0.0,0.0,neutral,False,,,False,batch,250
49,air_pollution,Выбросы загрязняющих веществ в атмосферный воздух,0.0,0.0,0.0,0.0,neutral,False,,,False,batch,250
49,wastewater_discharge,Сброс загрязненных сточных вод,0.0,0.0,0.0,0.0,neutral,False,,,False,batch,250
49,mortality_rate,Коэффициент смертности на 1000 человек,0.0,0.0,0.0,0.0,neutral,False,,,False,batch,250
49,birth_rate_per_1000,Коэффициент рождаемости на 1000 человек,0.0,0.0,0.0,0.0,neutral,False,,,False,batch,250
54,population_size,Численность населения,0.0,0.0,0.0,0.0,neutral,False,,,False,batch,256
54,divorce_rate,Число зарегистрированных разводов на 1000 населения,0.0,0.0,0.0,0.0,neutral,False,,,False,batch,256
54,marriage_rate,Число зарегистрированных браков на 1000 населения,0.0,0.0,0.0,0.0,neutral,False,,,False,batch,256
54,international_inflow,Число прибывших в страну,0.0,0.0,0.0,0.0,neutral,False,,,False,batch,256
54,international_outflow,Число выбывших из страны,0.0,0.0,0.0,0.0,neutral,False,,,False,batch,256
54,internal_arrivals,Число прибытий внутри региона,0.0,0.0,0.0,0.0,neutral,False,,,False,batch,256
54,internal_departures,Число выбытий из региона,0.0,0.0,0.0,0.0,neutral,False,,,False,batch,256
54,infant_mortality,Коэффициент младенческой смертности,0.0,0.0,0.0,0.0,neutral,False,,,False,batch,256
54,life_expectancy,Ожидаемая продолжительность жизни,0.0,0.0,0.0,0.0,neutral,False,,,False,batch,256
54,male_population,Число мужчин,0.0,0.0,0.0,0.0,neutral,False,,,False,batch,256
54,female_population,Число женщин,0.0,0.0,0.0,0.0,neutral,False,,,False,batch,256
54,per_capita_income,Среднедушевые денежные доходы населения,0.0,0.0,0.0,0.0,neutral,False,,,False,batch,256
54,real_income_index,Реальные денежные доходы населения,0.0,0.0,0.0,0.0,neutral,False,,,False,batch,256
54,unemployment_rate,Уровень безработицы,0.0,0.0,0.0,0.0,neutral,False,,,False,batch,256
54,living_wage,Величина прожиточного минимума на душу населения,0.0,0.0,0.0,0.0,neutral,False,,,False,batch,256
54,child_living_wage,Величина прожиточного минимума на ребенка,0.0,0.0,0.0,0.0,neutral,False,,,False,batch,256
54,hospitals,Число больничных организаций,0.0,0.0,0.0,0.0,neutral,False,,,False,batch,256
54,outpatient_clinics,Число амбулаторно-поликлинических организаций,0.0,0.0,0.0,0.0,neutral,False,,,False,batch,256
54,abortions,Число абортов,0.0,0.0,0.0,0.0,neutral,False,,,False,batch,256
54,qualified_doctors,Численность врачей высшей и первой квалификационных категорий,0.0,0.0,0.0,0.0,neutral,False,,,False,batch,256
54,preschool_coverage,Охват детей до 6 лет дошкольным образованием,0.0,0.0,0.0,0.0,neutral,False,,,False,batch,256
54,children_benefits,"Численность детей до 18 лет, на которых назначено пособие",0.0,0.0,0.0,0.0,neutral,False,,,False,batch,256
54,maternity_capital,"Численность лиц, получивших сертификат на материнский капитал",0.0,0.0,0.0,0.0,neutral,False,,,False,batch,256
54,childcare_allowance,Ежемесячное пособие по уходу за первым ребенком,0.0,0.0,0.0,0.0,neutral,False,,,False,batch,256
54,large_families_housing,"Многодетные семьи, улучшившие жилищные условия",0.0,0.0,0.0,0.0,neutral,False,,,False,batch,256
54,housing_area_per_capita,Общая площадь жилья на одного жителя,0.0,0.0,0.0,0.0,neutral,False,,,False,batch,256
54,consumer_price_index,Индексы потребительских цен,0.0,0.0,0.0,0.0,neutral,False,,,False,batch,256
54,primary_housing_price_index,Индексы цен на первичном рынке жилья,0.0,0.0,0.0,0.0,neutral,False,,,False,batch,256
54,secondary_housing_price_index,Индексы цен на вторичном рынке жилья,0.0,0.0,0.0,0.0,neutral,False,,,False,batch,256
54,industrial_production_index,Индексы промышленного производства,0.3,0.0,0.0,0.7,neutral,True,продление квот на вылов рыбы,рыбопромысловая отрасль и инвестиции,True,batch,256
54,enterprises_count,Число предприятий и организаций,0.0,0.0,0.0,0.0,neutral,False,,,False,batch,256
54,crime_count,Количество преступлений,0.0,0.0,0.0,0.0,neutral,False,,,False,batch,256
54,air_pollution,Выбросы загрязняющих веществ в атмосферный воздух,0.0,0.0,0.0,0.0,neutral,False,,,False,batch,256
54,wastewater_discharge,Сброс загрязненных сточных вод,0.0,0.0,0.0,0.0,neutral,False,,,False,batch,256
54,mortality_rate,Коэффициент смертности на 1000 человек,0.0,0.0,0.0,0.0,neutral,False,,,False,batch,256
54,birth_rate_per_1000,Коэффициент рождаемости на 1000 человек,0.0,0.0,0.0,0.0,neutral,False,,,False,batch,256
56,population_size,Численность населения,0.0,0.0,0.0,0.0,neutral,False,,,False,batch,162
56,divorce_rate,Число зарегистрированных разводов на 1000 населения,0.0,0.0,0.0,0.0,neutral,False,,,False,batch,162
56,marriage_rate,Число зарегистрированных браков на 1000 населения,0.0,0.0,0.0,0.0,neutral,False,,,False,batch,162
56,international_inflow,Число прибывших в страну,0.0,0.0,0.0,0.0,neutral,False,,,False,batch,162
56,international_outflow,Число выбывших из страны,0.0,0.0,0.0,0.0,neutral,False,,,False,batch,162
56,internal_arrivals,Число прибытий внутри региона,0.0,0.0,0.0,0.0,neutral,False,,,False,batch,162
56,internal_departures,Число выбытий из региона,0.0,0.0,0.0,0.0,neutral,False,,,False,batch,162
56,infant_mortality,Коэффициент младенческой смертности,0.0,0.0,0.0,0.0,neutral,False,,,False,batch,162
56,life_expectancy,Ожидаемая продолжительность жизни,0.0,0.0,0.0,0.0,neutral,False,,,False,batch,162
56,male_population,Число мужчин,0.0,0.0,0.0,0.0,neutral,False,,,False,batch,162
56,female_population,Число женщин,0.0,0.0,0.0,0.0,neutral,False,,,False,batch,162
56,per_capita_income,Среднедушевые денежные доходы населения,0.0,0.0,0.0,0.0,neutral,False,,,False,batch,162
56,real_income_index,Реальные денежные доходы населения,0.0,0.0,0.0,0.0,neutral,False,,,False,batch,162
56,unemployment_rate,Уровень безработицы,0.0,0.0,0.0,0.0,neutral,False,,,False,batch,162
56,living_wage,Величина прожиточного минимума на душу населения,0.0,0.0,0.0,0.0,neutral,False,,,False,batch,162
56,child_living_wage,Величина прожиточного минимума на ребенка,0.0,0.0,0.0,0.0,neutral,False,,,False,batch,162
56,hospitals,Число больничных организаций,0.0,0.0,0.0,0.0,neutral,False,,,False,batch,162
56,outpatient_clinics,Число амбулаторно-поликлинических организаций,0.0,0.0,0.0,0.0,neutral,False,,,False,batch,162
56,abortions,Число абортов,0.0,0.0,0.0,0.0,neutral,False,,,False,batch,162
56,qualified_doctors,Численность врачей высшей и первой квалификационных категорий,0.0,0.0,0.0,0.0,neutral,False,,,False,batch,162
56,preschool_coverage,Охват детей до 6 лет дошкольным образованием,0.0,0.0,0.0,0.0,neutral,False,,,False,batch,162
56,children_benefits,"Численность детей до 18 лет, на которых назначено пособие",0.0,0.0,0.0,0.0,neutral,False,,,False,batch,162
56,maternity_capital,"Численность лиц, получивших сертификат на материнский капитал",0.0,0.0,0.0,0.0,neutral,False,,,False,batch,162
56,childcare_allowance,Ежемесячное пособие по уходу за первым ребенком,0.0,0.0,0.0,0.0,neutral,False,,,False,batch,162
56,large_families_housing,"Многодетные семьи, улучшившие жилищные условия",0.0,0.0,0.0,0.0,neutral,False,,,False,batch,162
56,housing_area_per_capita,Общая площадь жилья на одного жителя,0.0,0.0,0.0,0.0,neutral,False,,,False,batch,162
56,consumer_price_index,Индексы потребительских цен,0.0,0.0,0.0,0.0,neutral,False,,,False,batch,162
56,primary_housing_price_index,Индексы цен на первичном рынке жилья,0.0,0.0,0.0,0.0,neutral,False,,,False,batch,162
56,secondary_housing_price_index,Индексы цен на вторичном рынке жилья,0.0,0.0,0.0,0.0,neutral,False,,,False,batch,162
56,industrial_production_index,Индексы промышленного производства,0.3,0.0,0.0,0.7,neutral,True,,нет связи,True,batch,162
56,enterprises_count,Число предприятий и организаций,0.0,0.0,0.0,0.0,neutral,False,,,False,batch,162
56,crime_count,Количество преступлений,0.0,0.0,0.0,0.0,neutral,False,,,False,batch,162
56,air_pollution,Выбросы загрязняющих веществ в атмосферный воздух,0.0,0.0,0.0,0.0,neutral,False,,,False,batch,162
56,wastewater_discharge,Сброс загрязненных сточных вод,0.0,0.0,0.0,0.0,neutral,False,,,False,batch,162
56,mortality_rate,Коэффициент смертности на 1000 человек,0.0,0.0,0.0,0.0,neutral,False,,,False,batch,162
56,birth_rate_per_1000,Коэффициент рождаемости на 1000 человек,0.0,0.0,0.0,0.0,neutral,False,,,False,batch,162
57,population_size,Численность населения,0.0,0.0,0.0,0.0,neutral,False,,,False,batch,237
57,divorce_rate,Число зарегистрированных разводов на 1000 населения,0.0,0.0,0.0,0.0,neutral,False,,,False,batch,237
57,marriage_rate,Число зарегистрированных браков на 1000 населения,0.0,0.0,0.0,0.0,neutral,False,,,False,batch,237
57,international_inflow,Число прибывших в страну,0.0,0.0,0.0,0.0,neutral,False,,,False,batch,237
57,international_outflow,Число выбывших из страны,0.0,0.0,0.0,0.0,neutral,False,,,False,batch,237
57,internal_arrivals,Число прибытий внутри региона,0.0,0.0,0.0,0.0,neutral,False,,,False,batch,237
57,internal_departures,Число выбытий из региона,0.0,0.0,0.0,0.0,neutral,False,,,False,batch,237
57,infant_mortality,Коэффициент младенческой смертности,0.0,0.0,0.0,0.0,neutral,False,,,False,batch,237
57,life_expectancy,Ожидаемая продолжительность жизни,0.0,0.0,0.0,0.0,neutral,False,,,False,batch,237
57,male_population,Число мужчин,0.0,0.0,0.0,0.0,neutral,False,,,False,batch,237
57,female_population,Число женщин,0.0,0.0,0.0,0.0,neutral,False,,,False,batch,237
57,per_capita_income,Среднедушевые денежные доходы населения,0.0,0.0,0.0,0.0,neutral,False,,,False,batch,237
57,real_income_index,Реальные денежные доходы населения,0.0,0.0,0.0,0.0,neutral,False,,,False,batch,237
57,unemployment_rate,Уровень безработицы,0.0,0.0,0.0,0.0,neutral,False,,,False,batch,237
57,living_wage,Величина прожиточного минимума на душу населения,0.0,0.0,0.0,0.0,neutral,False,,,False,batch,237
57,child_living_wage,Величина прожиточного минимума на ребенка,0.0,0.0,0.0,0.0,neutral,False,,,False,batch,237
57,hospitals,Число больничных организаций,0.0,0.0,0.0,0.0,neutral,False,,,False,batch,237
57,outpatient_clinics,Число амбулаторно-поликлинических организаций,0.0,0.0,0.0,0.0,neutral,False,,,False,batch,237
57,abortions,Число абортов,0.0,0.0,0.0,0.0,neutral,False,,,False,batch,237
57,qualified_doctors,Численность врачей высшей и первой квалификационных категорий,0.0,0.0,0.0,0.0,neutral,False,,,False,batch,237
57,preschool_coverage,Охват детей до 6 лет дошкольным образованием,0.0,0.0,0.0,0.0,neutral,False,,,False,batch,237
57,children_benefits,"Численность детей до 18 лет, на которых назначено пособие",0.0,0.0,0.0,0.0,neutral,False,,,False,batch,237
57,maternity_capital,"Численность лиц, получивших сертификат на материнский капитал",0.0,0.0,0.0,0.0,neutral,False,,,False,batch,237
57,childcare_allowance,Ежемесячное пособие по уходу за первым ребенком,0.0,0.0,0.0,0.0,neutral,False,,,False,batch,237
57,large_families_housing,"Многодетные семьи, улучшившие жилищные условия",0.0,0.0,0.0,0.0,neutral,False,,,False,batch,237
57,housing_area_per_capita,Общая площадь жилья на одного жителя,0.0,0.0,0.0,0.0,neutral,False,,,False,batch,237
57,consumer_price_index,Индексы потребительских цен,0.0,0.0,0.0,0.0,neutral,False,,,False,batch,237
57,primary_housing_price_index,Индексы цен на первичном рынке жилья,0.0,0.0,0.0,0.0,neutral,False,,,False,batch,237
57,secondary_housing_price_index,Индексы цен на вторичном рынке жилья,0.0,0.0,0.0,0.0,neutral,False,,,False,batch,237
57,industrial_production_index,Индексы промышленного производства,0.0,0.0,0.0,0.0,neutral,False,,,False,batch,237
57,enterprises_count,Число предприятий и организаций,0.0,0.0,0.0,0.0,neutral,False,,,False,batch,237
57,crime_count,Количество преступлений,0.0,0.0,0.0,0.0,neutral,False,,,False,batch,237
57,air_pollution,Выбросы загрязняющих веществ в атмосферный воздух,0.6,0.0,0.3,0.7,neutral,True,"Температура понизится, резкие изменения",Погода и температура,True,batch,237
57,wastewater_discharge,Сброс загрязненных сточных вод,0.0,0.0,0.0,0.0,neutral,False,,,False,batch,237
57,mortality_rate,Коэффициент смертности на 1000 человек,0.0,0.0,0.0,0.0,neutral,False,,,False,batch,237
57,birth_rate_per_1000,Коэффициент рождаемости на 1000 человек,0.0,0.0,0.0,0.0,neutral,False,,,False,batch,237
61,population_size,Численность населения,0.0,0.0,0.0,0.0,neutral,False,,,False,batch,240
61,divorce_rate,Число зарегистрированных разводов на 1000 населения,0.0,0.0,0.0,0.0,neutral,False,,,False,batch,240
61,marriage_rate,Число зарегистрированных браков на 1000 населения,0.0,0.0,0.0,0.0,neutral,False,,,False,batch,240
61,international_inflow,Число прибывших в страну,0.0,0.0,0.0,0.0,neutral,False,,,False,batch,240
61,international_outflow,Число выбывших из страны,0.0,0.0,0.0,0.0,neutral,False,,,False,batch,240
61,internal_arrivals,Число прибытий внутри региона,0.0,0.0,0.0,0.0,neutral,False,,,False,batch,240
61,internal_departures,Число выбытий из региона,0.0,0.0,0.0,0.0,neutral,False,,,False,batch,240
61,infant_mortality,Коэффициент младенческой смертности,0.0,0.0,0.0,0.0,neutral,False,,,False,batch,240
61,life_expectancy,Ожидаемая продолжительность жизни,0.0,0.0,0.0,0.0,neutral,False,,,False,batch,240
61,male_population,Число мужчин,0.0,0.0,0.0,0.0,neutral,False,,,False,batch,240
61,female_population,Число женщин,0.0,0.0,0.0,0.0,neutral,False,,,False,batch,240
61,per_capita_income,Среднедушевые денежные доходы населения,0.0,0.0,0.0,0.0,neutral,False,,,False,batch,240
61,real_income_index,Реальные денежные доходы населения,0.0,0.0,0.0,0.0,neutral,False,,,False,batch,240
61,unemployment_rate,Уровень безработицы,0.0,0.0,0.0,0.0,neutral,False,,,False,batch,240
61,living_wage,Величина прожиточного минимума на душу населения,0.0,0.0,0.0,0.0,neutral,False,,,False,batch,240
61,child_living_wage,Величина прожиточного минимума на ребенка,0.0,0.0,0.0,0.0,neutral,False,,,False,batch,240
61,hospitals,Число больничных организаций,0.0,0.0,0.0,0.0,neutral,False,,,False,batch,240
61,outpatient_clinics,Число амбулаторно-поликлинических организаций,0.0,0.0,0.0,0.0,neutral,False,,,False,batch,240
61,abortions,Число абортов,0.0,0.0,0.0,0.0,neutral,False,,,False,batch,240
61,qualified_doctors,Численность врачей высшей и первой квалификационных категорий,0.0,0.0,0.0,0.0,neutral,False,,,False,batch,240
61,preschool_coverage,Охват детей до 6 лет дошкольным образованием,0.0,0.0,0.0,0.0,neutral,False,,,False,batch,240
61,children_benefits,"Численность детей до 18 лет, на которых назначено пособие",0.0,0.0,0.0,0.0,neutral,False,,,False,batch,240
61,maternity_capital,"Численность лиц, получивших сертификат на материнский капитал",0.0,0.0,0.0,0.0,neutral,False,,,False,batch,240
61,childcare_allowance,Ежемесячное пособие по уходу за первым ребенком,0.0,0.0,0.0,0.0,neutral,False,,,False,batch,240
61,large_families_housing,"Многодетные семьи, улучшившие жилищные условия",0.0,0.0,0.0,0.0,neutral,False,,,False,batch,240
61,housing_area_per_capita,Общая площадь жилья на одного жителя,0.0,0.0,0.0,0.0,neutral,False,,,False,batch,240
61,consumer_price_index,Индексы потребительских цен,0.0,0.0,0.0,0.0,neutral,False,,,False,batch,240
61,primary_housing_price_index,Индексы цен на первичном рынке жилья,0.0,0.0,0.0,0.0,neutral,False,,,False,batch,240
61,secondary_housing_price_index,Индексы цен на вторичном рынке жилья,0.0,0.0,0.0,0.0,neutral,False,,,False,batch,240
61,industrial_production_index,Индексы промышленного производства,0.0,0.0,0.0,0.0,neutral,False,,,False,batch,240
61,enterprises_count,Число предприятий и организаций,0.0,0.0,0.0,0.0,neutral,False,,,False,batch,240
61,crime_count,Количество преступлений,0.6,-0.5,0.5,0.8,negative,True,трагедия в Одинцове,трагедия может быть связана с преступлением,True,batch,240
61,air_pollution,Выбросы загрязняющих веществ в атмосферный воздух,0.0,0.0,0.0,0.0,neutral,False,,,False,batch,240
61,wastewater_discharge,Сброс загрязненных сточных вод,0.0,0.0,0.0,0.0,neutral,False,,,False,batch,240
61,mortality_rate,Коэффициент смертности на 1000 человек,0.0,0.0,0.0,0.0,neutral,False,,,False,batch,240
61,birth_rate_per_1000,Коэффициент рождаемости на 1000 человек,0.0,0.0,0.0,0.0,neutral,False,,,False,batch,240
65,population_size,Численность населения,0.0,0.0,0.0,0.0,neutral,False,,,False,neutral_after_error,0
65,divorce_rate,Число зарегистрированных разводов на 1000 населения,0.0,0.0,0.0,0.0,neutral,False,,,False,neutral_after_error,0
65,marriage_rate,Число зарегистрированных браков на 1000 населения,0.0,0.0,0.0,0.0,neutral,False,,,False,neutral_after_error,0
65,international_inflow,Число прибывших в страну,0.0,0.0,0.0,0.0,neutral,False,,,False,neutral_after_error,0
65,international_outflow,Число выбывших из страны,0.0,0.0,0.0,0.0,neutral,False,,,False,neutral_after_error,0
65,internal_arrivals,Число прибытий внутри региона,0.0,0.0,0.0,0.0,neutral,False,,,False,neutral_after_error,0
65,internal_departures,Число выбытий из региона,0.0,0.0,0.0,0.0,neutral,False,,,False,neutral_after_error,0
65,infant_mortality,Коэффициент младенческой смертности,0.0,0.0,0.0,0.0,neutral,False,,,False,neutral_after_error,0
65,life_expectancy,Ожидаемая продолжительность жизни,0.0,0.0,0.0,0.0,neutral,False,,,False,neutral_after_error,0
65,male_population,Число мужчин,0.0,0.0,0.0,0.0,neutral,False,,,False,neutral_after_error,0
65,female_population,Число женщин,0.0,0.0,0.0,0.0,neutral,False,,,False,neutral_after_error,0
65,per_capita_income,Среднедушевые денежные доходы населения,0.0,0.0,0.0,0.0,neutral,False,,,False,neutral_after_error,0
65,real_income_index,Реальные денежные доходы населения,0.0,0.0,0.0,0.0,neutral,False,,,False,neutral_after_error,0
65,unemployment_rate,Уровень безработицы,0.0,0.0,0.0,0.0,neutral,False,,,False,neutral_after_error,0
65,living_wage,Величина прожиточного минимума на душу населения,0.0,0.0,0.0,0.0,neutral,False,,,False,neutral_after_error,0
65,child_living_wage,Величина прожиточного минимума на ребенка,0.0,0.0,0.0,0.0,neutral,False,,,False,neutral_after_error,0
65,hospitals,Число больничных организаций,0.0,0.0,0.0,0.0,neutral,False,,,False,neutral_after_error,0
65,outpatient_clinics,Число амбулаторно-поликлинических организаций,0.0,0.0,0.0,0.0,neutral,False,,,False,neutral_after_error,0
65,abortions,Число абортов,0.0,0.0,0.0,0.0,neutral,False,,,False,neutral_after_error,0
65,qualified_doctors,Численность врачей высшей и первой квалификационных категорий,0.0,0.0,0.0,0.0,neutral,False,,,False,neutral_after_error,0
65,preschool_coverage,Охват детей до 6 лет дошкольным образованием,0.0,0.0,0.0,0.0,neutral,False,,,False,neutral_after_error,0
65,children_benefits,"Численность детей до 18 лет, на которых назначено пособие",0.0,0.0,0.0,0.0,neutral,False,,,False,neutral_after_error,0
65,maternity_capital,"Численность лиц, получивших сертификат на материнский капитал",0.0,0.0,0.0,0.0,neutral,False,,,False,neutral_after_error,0
65,childcare_allowance,Ежемесячное пособие по уходу за первым ребенком,0.0,0.0,0.0,0.0,neutral,False,,,False,neutral_after_error,0
65,large_families_housing,"Многодетные семьи, улучшившие жилищные условия",0.0,0.0,0.0,0.0,neutral,False,,,False,neutral_after_error,0
65,housing_area_per_capita,Общая площадь жилья на одного жителя,0.0,0.0,0.0,0.0,neutral,False,,,False,neutral_after_error,0
65,consumer_price_index,Индексы потребительских цен,0.0,0.0,0.0,0.0,neutral,False,,,False,neutral_after_error,0
65,primary_housing_price_index,Индексы цен на первичном рынке жилья,0.0,0.0,0.0,0.0,neutral,False,,,False,neutral_after_error,0
65,secondary_housing_price_index,Индексы цен на вторичном рынке жилья,0.0,0.0,0.0,0.0,neutral,False,,,False,neutral_after_error,0
65,industrial_production_index,Индексы промышленного производства,0.0,0.0,0.0,0.0,neutral,False,,,False,neutral_after_error,0
65,enterprises_count,Число предприятий и организаций,0.0,0.0,0.0,0.0,neutral,False,,,False,neutral_after_error,0
65,crime_count,Количество преступлений,0.0,0.0,0.0,0.0,neutral,False,,,False,neutral_after_error,0
65,air_pollution,Выбросы загрязняющих веществ в атмосферный воздух,0.0,0.0,0.0,0.0,neutral,False,,,False,neutral_after_error,0
65,wastewater_discharge,Сброс загрязненных сточных вод,0.0,0.0,0.0,0.0,neutral,False,,,False,neutral_after_error,0
65,mortality_rate,Коэффициент смертности на 1000 человек,0.0,0.0,0.0,0.0,neutral,False,,,False,neutral_after_error,0
65,birth_rate_per_1000,Коэффициент рождаемости на 1000 человек,0.0,0.0,0.0,0.0,neutral,False,,,False,neutral_after_error,0
67,population_size,Численность населения,0.0,0.0,0.0,0.0,neutral,False,,,False,batch,279
67,divorce_rate,Число зарегистрированных разводов на 1000 населения,0.0,0.0,0.0,0.0,neutral,False,,,False,batch,279
67,marriage_rate,Число зарегистрированных браков на 1000 населения,0.0,0.0,0.0,0.0,neutral,False,,,False,batch,279
67,international_inflow,Число прибывших в страну,0.0,0.0,0.0,0.0,neutral,False,,,False,batch,279
67,international_outflow,Число выбывших из страны,0.0,0.0,0.0,0.0,neutral,False,,,False,batch,279
67,internal_arrivals,Число прибытий внутри региона,0.0,0.0,0.0,0.0,neutral,False,,,False,batch,279
67,internal_departures,Число выбытий из региона,0.0,0.0,0.0,0.0,neutral,False,,,False,batch,279
67,infant_mortality,Коэффициент младенческой смертности,0.0,0.0,0.0,0.0,neutral,False,,,False,batch,279
67,life_expectancy,Ожидаемая продолжительность жизни,0.0,0.0,0.0,0.0,neutral,False,,,False,batch,279
67,male_population,Число мужчин,0.0,0.0,0.0,0.0,neutral,False,,,False,batch,279
67,female_population,Число женщин,0.0,0.0,0.0,0.0,neutral,False,,,False,batch,279
67,per_capita_income,Среднедушевые денежные доходы населения,0.0,0.0,0.0,0.0,neutral,False,,,False,batch,279
67,real_income_index,Реальные денежные доходы населения,0.0,0.0,0.0,0.0,neutral,False,,,False,batch,279
67,unemployment_rate,Уровень безработицы,0.0,0.0,0.0,0.0,neutral,False,,,False,batch,279
67,living_wage,Величина прожиточного минимума на душу населения,0.0,0.0,0.0,0.0,neutral,False,,,False,batch,279
67,child_living_wage,Величина прожиточного минимума на ребенка,0.0,0.0,0.0,0.0,neutral,False,,,False,batch,279
67,hospitals,Число больничных организаций,0.0,0.0,0.0,0.0,neutral,False,,,False,batch,279
67,outpatient_clinics,Число амбулаторно-поликлинических организаций,0.0,0.0,0.0,0.0,neutral,False,,,False,batch,279
67,abortions,Число абортов,0.0,0.0,0.0,0.0,neutral,False,,,False,batch,279
67,qualified_doctors,Численность врачей высшей и первой квалификационных категорий,0.0,0.0,0.0,0.0,neutral,False,,,False,batch,279
67,preschool_coverage,Охват детей до 6 лет дошкольным образованием,0.0,0.0,0.0,0.0,neutral,False,,,False,batch,279
67,children_benefits,"Численность детей до 18 лет, на которых назначено пособие",0.0,0.0,0.0,0.0,neutral,False,,,False,batch,279
67,maternity_capital,"Численность лиц, получивших сертификат на материнский капитал",0.0,0.0,0.0,0.0,neutral,False,,,False,batch,279
67,childcare_allowance,Ежемесячное пособие по уходу за первым ребенком,0.0,0.0,0.0,0.0,neutral,False,,,False,batch,279
67,large_families_housing,"Многодетные семьи, улучшившие жилищные условия",0.0,0.0,0.0,0.0,neutral,False,,,False,batch,279
67,housing_area_per_capita,Общая площадь жилья на одного жителя,0.0,0.0,0.0,0.0,neutral,False,,,False,batch,279
67,consumer_price_index,Индексы потребительских цен,0.0,0.0,0.0,0.0,neutral,False,,,False,batch,279
67,primary_housing_price_index,Индексы цен на первичном рынке жилья,0.0,0.0,0.0,0.0,neutral,False,,,False,batch,279
67,secondary_housing_price_index,Индексы цен на вторичном рынке жилья,0.0,0.0,0.0,0.0,neutral,False,,,False,batch,279
67,industrial_production_index,Индексы промышленного производства,0.9,0.0,0.0,0.9,neutral,True,"Цены на нефть усилили падение, Brent теряет 5,6%",изменение цен на нефть и торговые планы,True,batch,279
67,enterprises_count,Число предприятий и организаций,0.0,0.0,0.0,0.0,neutral,False,,,False,batch,279
67,crime_count,Количество преступлений,0.0,0.0,0.0,0.0,neutral,False,,,False,batch,279
67,air_pollution,Выбросы загрязняющих веществ в атмосферный воздух,0.0,0.0,0.0,0.0,neutral,False,,,False,batch,279
67,wastewater_discharge,Сброс загрязненных сточных вод,0.0,0.0,0.0,0.0,neutral,False,,,False,batch,279
67,mortality_rate,Коэффициент смертности на 1000 человек,0.0,0.0,0.0,0.0,neutral,False,,,False,batch,279
67,birth_rate_per_1000,Коэффициент рождаемости на 1000 человек,0.0,0.0,0.0,0.0,neutral,False,,,False,batch,279
70,population_size,Численность населения,0.0,0.0,0.0,0.0,neutral,False,,,False,batch,236
70,divorce_rate,Число зарегистрированных разводов на 1000 населения,0.6,0.3,0.1,0.8,neutral,True,увеличилось на 21%,увеличение соглашений о разделе имущества,True,batch,236
70,marriage_rate,Число зарегистрированных браков на 1000 населения,0.0,0.0,0.0,0.0,neutral,False,,,False,batch,236
70,international_inflow,Число прибывших в страну,0.0,0.0,0.0,0.0,neutral,False,,,False,batch,236
70,international_outflow,Число выбывших из страны,0.0,0.0,0.0,0.0,neutral,False,,,False,batch,236
70,internal_arrivals,Число прибытий внутри региона,0.0,0.0,0.0,0.0,neutral,False,,,False,batch,236
70,internal_departures,Число выбытий из региона,0.0,0.0,0.0,0.0,neutral,False,,,False,batch,236
70,infant_mortality,Коэффициент младенческой смертности,0.0,0.0,0.0,0.0,neutral,False,,,False,batch,236
70,life_expectancy,Ожидаемая продолжительность жизни,0.0,0.0,0.0,0.0,neutral,False,,,False,batch,236
70,male_population,Число мужчин,0.0,0.0,0.0,0.0,neutral,False,,,False,batch,236
70,female_population,Число женщин,0.0,0.0,0.0,0.0,neutral,False,,,False,batch,236
70,per_capita_income,Среднедушевые денежные доходы населения,0.0,0.0,0.0,0.0,neutral,False,,,False,batch,236
70,real_income_index,Реальные денежные доходы населения,0.0,0.0,0.0,0.0,neutral,False,,,False,batch,236
70,unemployment_rate,Уровень безработицы,0.0,0.0,0.0,0.0,neutral,False,,,False,batch,236
70,living_wage,Величина прожиточного минимума на душу населения,0.0,0.0,0.0,0.0,neutral,False,,,False,batch,236
70,child_living_wage,Величина прожиточного минимума на ребенка,0.0,0.0,0.0,0.0,neutral,False,,,False,batch,236
70,hospitals,Число больничных организаций,0.0,0.0,0.0,0.0,neutral,False,,,False,batch,236
70,outpatient_clinics,Число амбулаторно-поликлинических организаций,0.0,0.0,0.0,0.0,neutral,False,,,False,batch,236
70,abortions,Число абортов,0.0,0.0,0.0,0.0,neutral,False,,,False,batch,236
70,qualified_doctors,Численность врачей высшей и первой квалификационных категорий,0.0,0.0,0.0,0.0,neutral,False,,,False,batch,236
70,preschool_coverage,Охват детей до 6 лет дошкольным образованием,0.0,0.0,0.0,0.0,neutral,False,,,False,batch,236
70,children_benefits,"Численность детей до 18 лет, на которых назначено пособие",0.0,0.0,0.0,0.0,neutral,False,,,False,batch,236
70,maternity_capital,"Численность лиц, получивших сертификат на материнский капитал",0.0,0.0,0.0,0.0,neutral,False,,,False,batch,236
70,childcare_allowance,Ежемесячное пособие по уходу за первым ребенком,0.0,0.0,0.0,0.0,neutral,False,,,False,batch,236
70,large_families_housing,"Многодетные семьи, улучшившие жилищные условия",0.0,0.0,0.0,0.0,neutral,False,,,False,batch,236
70,housing_area_per_capita,Общая площадь жилья на одного жителя,0.0,0.0,0.0,0.0,neutral,False,,,False,batch,236
70,consumer_price_index,Индексы потребительских цен,0.0,0.0,0.0,0.0,neutral,False,,,False,batch,236
70,primary_housing_price_index,Индексы цен на первичном рынке жилья,0.0,0.0,0.0,0.0,neutral,False,,,False,batch,236
70,secondary_housing_price_index,Индексы цен на вторичном рынке жилья,0.0,0.0,0.0,0.0,neutral,False,,,False,batch,236
70,industrial_production_index,Индексы промышленного производства,0.0,0.0,0.0,0.0,neutral,False,,,False,batch,236
70,enterprises_count,Число предприятий и организаций,0.0,0.0,0.0,0.0,neutral,False,,,False,batch,236
70,crime_count,Количество преступлений,0.0,0.0,0.0,0.0,neutral,False,,,False,batch,236
70,air_pollution,Выбросы загрязняющих веществ в атмосферный воздух,0.0,0.0,0.0,0.0,neutral,False,,,False,batch,236
70,wastewater_discharge,Сброс загрязненных сточных вод,0.0,0.0,0.0,0.0,neutral,False,,,False,batch,236
70,mortality_rate,Коэффициент смертности на 1000 человек,0.0,0.0,0.0,0.0,neutral,False,,,False,batch,236
70,birth_rate_per_1000,Коэффициент рождаемости на 1000 человек,0.0,0.0,0.0,0.0,neutral,False,,,False,batch,236
